filename,image_path,mask_path,valid_pixels,ignore_pixels,total_pixels,valid_fraction,pixels_road,contains_road,pixels_sidewalk,contains_sidewalk,pixels_building,contains_building,pixels_wall,contains_wall,pixels_fence,contains_fence,pixels_pole,contains_pole,pixels_traffic_light,contains_traffic_light,pixels_traffic_sign,contains_traffic_sign,pixels_vegetation,contains_vegetation,pixels_terrain,contains_terrain,pixels_sky,contains_sky,pixels_person,contains_person,pixels_rider,contains_rider,pixels_car,contains_car,pixels_truck,contains_truck,pixels_bus,contains_bus,pixels_train,contains_train,pixels_motorcycle,contains_motorcycle,pixels_bicycle,contains_bicycle
000000_10.png,/home/hrusikesh-nishank/miniconda3/envs/Segmentation/Datasets/KITTI/training/image_2/000000_10.png,/home/hrusikesh-nishank/miniconda3/envs/Segmentation/Datasets/KITTI/training/semantic/000000_10.png,465027,723,465750,0.9984476650563607,116061,1,7789,1,98002,1,4610,1,17753,1,1636,1,0,0,1562,1,116762,1,0,0,14847,1,513,1,0,0,85390,1,47,1,55,1,0,0,0,0,0,0
000001_10.png,/home/hrusikesh-nishank/miniconda3/envs/Segmentation/Datasets/KITTI/training/image_2/000001_10.png,/home/hrusikesh-nishank/miniconda3/envs/Segmentation/Datasets/KITTI/training/semantic/000001_10.png,461045,4705,465750,0.989898013955985,118209,1,26014,1,48174,1,15543,1,3311,1,10553,1,1147,1,3327,1,147635,1,32237,1,34390,1,1390,1,0,0,16390,1,0,0,451,1,161,1,2113,1,0,0
000002_10.png,/home/hrusikesh-nishank/miniconda3/envs/Segmentation/Datasets/KITTI/training/image_2/000002_10.png,/home/hrusikesh-nishank/miniconda3/envs/Segmentation/Datasets/KITTI/training/semantic/000002_10.png,456656,9094,465750,0.9804745034889962,109629,1,45285,1,162855,1,0,0,0,0,9380,1,5749,1,2751,1,75631,1,4720,1,836,1,0,0,9799,1,12816,1,947,1,0,0,0,0,0,0,16258,1
000003_10.png,/home/hrusikesh-nishank/miniconda3/envs/Segmentation/Datasets/KITTI/training/image_2/000003_10.png,/home/hrusikesh-nishank/miniconda3/envs/Segmentation/Datasets/KITTI/training/semantic/000003_10.png,459028,6722,465750,0.9855673644659152,103086,1,55585,1,117681,1,0,0,0,0,17607,1,0,0,11282,1,104113,1,18958,1,0,0,0,0,4755,1,10227,1,11486,1,0,0,0,0,708,1,3540,1
000004_10.png,/home/hrusikesh-nishank/miniconda3/envs/Segmentation/Datasets/KITTI/training/image_2/000004_10.png,/home/hrusikesh-nishank/miniconda3/envs/Segmentation/Datasets/KITTI/training/semantic/000004_10.png,427815,37935,465750,0.9185507246376812,60224,1,0,0,158742,1,0,0,309,1,0,0,0,0,0,0,45594,1,2024,1,6448,1,0,0,0,0,154029,1,99,1,0,0,0,0,0,0,346,1
000005_10.png,/home/hrusikesh-nishank/miniconda3/envs/Segmentation/Datasets/KITTI/training/image_2/000005_10.png,/home/hrusikesh-nishank/miniconda3/envs/Segmentation/Datasets/KITTI/training/semantic/000005_10.png,430930,34820,465750,0.9252388620504562,56963,1,0,0,144106,1,0,0,0,0,194,1,0,0,98,1,67462,1,0,0,4956,1,0,0,0,0,157151,1,0,0,0,0,0,0,0,0,0,0
000006_10.png,/home/hrusikesh-nishank/miniconda3/envs/Segmentation/Datasets/KITTI/training/image_2/000006_10.png,/home/hrusikesh-nishank/miniconda3/envs/Segmentation/Datasets/KITTI/training/semantic/000006_10.png,440050,25700,465750,0.9448201825013419,43868,1,115,1,156160,1,0,0,0,0,251,1,0,0,530,1,65001,1,383,1,681,1,0,0,0,0,173061,1,0,0,0,0,0,0,0,0,0,0
000007_10.png,/home/hrusikesh-nishank/miniconda3/envs/Segmentation/Datasets/KITTI/training/image_2/000007_10.png,/home/hrusikesh-nishank/miniconda3/envs/Segmentation/Datasets/KITTI/training/semantic/000007_10.png,464350,1400,465750,0.9969940955448202,116946,1,48813,1,2628,1,0,0,0,0,7280,1,1982,1,775,1,202053,1,29917,1,42359,1,770,1,0,0,8358,1,2254,1,0,0,0,0,0,0,215,1
000008_10.png,/home/hrusikesh-nishank/miniconda3/envs/Segmentation/Datasets/KITTI/training/image_2/000008_10.png,/home/hrusikesh-nishank/miniconda3/envs/Segmentation/Datasets/KITTI/training/semantic/000008_10.png,463992,1758,465750,0.9962254428341385,105901,1,42603,1,3024,1,0,0,0,0,5225,1,3619,1,2213,1,200440,1,12872,1,51470,1,2089,1,0,0,33835,1,0,0,0,0,0,0,0,0,701,1
000009_10.png,/home/hrusikesh-nishank/miniconda3/envs/Segmentation/Datasets/KITTI/training/image_2/000009_10.png,/home/hrusikesh-nishank/miniconda3/envs/Segmentation/Datasets/KITTI/training/semantic/000009_10.png,463182,2568,465750,0.9944863123993559,131116,1,44927,1,3425,1,0,0,0,0,10943,1,5122,1,4457,1,176067,1,19786,1,46339,1,9419,1,0,0,11581,1,0,0,0,0,0,0,0,0,0,0
000010_10.png,/home/hrusikesh-nishank/miniconda3/envs/Segmentation/Datasets/KITTI/training/image_2/000010_10.png,/home/hrusikesh-nishank/miniconda3/envs/Segmentation/Datasets/KITTI/training/semantic/000010_10.png,464397,1353,465750,0.9970950080515298,137107,1,43663,1,1202,1,0,0,0,0,9073,1,8182,1,8331,1,171250,1,21720,1,46801,1,0,0,184,1,16756,1,0,0,0,0,0,0,0,0,128,1
000011_10.png,/home/hrusikesh-nishank/miniconda3/envs/Segmentation/Datasets/KITTI/training/image_2/000011_10.png,/home/hrusikesh-nishank/miniconda3/envs/Segmentation/Datasets/KITTI/training/semantic/000011_10.png,463108,2642,465750,0.9943274288781535,133437,1,46753,1,1648,1,0,0,0,0,11551,1,11004,1,8125,1,168120,1,14430,1,46585,1,0,0,0,0,21455,1,0,0,0,0,0,0,0,0,0,0
000012_10.png,/home/hrusikesh-nishank/miniconda3/envs/Segmentation/Datasets/KITTI/training/image_2/000012_10.png,/home/hrusikesh-nishank/miniconda3/envs/Segmentation/Datasets/KITTI/training/semantic/000012_10.png,462557,3193,465750,0.9931443907675792,127261,1,47305,1,2055,1,0,0,0,0,12406,1,12612,1,8112,1,170905,1,19131,1,48073,1,0,0,0,0,14697,1,0,0,0,0,0,0,0,0,0,0
000013_10.png,/home/hrusikesh-nishank/miniconda3/envs/Segmentation/Datasets/KITTI/training/image_2/000013_10.png,/home/hrusikesh-nishank/miniconda3/envs/Segmentation/Datasets/KITTI/training/semantic/000013_10.png,459886,5864,465750,0.9874095544820183,145001,1,4214,1,11001,1,0,0,1558,1,14042,1,3707,1,10078,1,124942,1,24452,1,68177,1,2151,1,0,0,46193,1,1147,1,232,1,0,0,0,0,2991,1
000014_10.png,/home/hrusikesh-nishank/miniconda3/envs/Segmentation/Datasets/KITTI/training/image_2/000014_10.png,/home/hrusikesh-nishank/miniconda3/envs/Segmentation/Datasets/KITTI/training/semantic/000014_10.png,455180,10570,465750,0.9773054213633924,166155,1,12660,1,5529,1,0,0,2270,1,14779,1,5011,1,2305,1,126747,1,29151,1,66842,1,2032,1,0,0,16325,1,452,1,0,0,0,0,0,0,4922,1
000015_10.png,/home/hrusikesh-nishank/miniconda3/envs/Segmentation/Datasets/KITTI/training/image_2/000015_10.png,/home/hrusikesh-nishank/miniconda3/envs/Segmentation/Datasets/KITTI/training/semantic/000015_10.png,450231,15519,465750,0.9666795491143317,172747,1,16307,1,4445,1,0,0,1300,1,10930,1,2991,1,1958,1,122562,1,18206,1,64309,1,1579,1,0,0,14439,1,528,1,16416,1,0,0,0,0,1514,1
000016_10.png,/home/hrusikesh-nishank/miniconda3/envs/Segmentation/Datasets/KITTI/training/image_2/000016_10.png,/home/hrusikesh-nishank/miniconda3/envs/Segmentation/Datasets/KITTI/training/semantic/000016_10.png,451398,14352,465750,0.9691851851851851,178699,1,13804,1,3562,1,1374,1,1383,1,6817,1,3029,1,1841,1,126064,1,17851,1,66322,1,1689,1,0,0,10838,1,537,1,17588,1,0,0,0,0,0,0
000017_10.png,/home/hrusikesh-nishank/miniconda3/envs/Segmentation/Datasets/KITTI/training/image_2/000017_10.png,/home/hrusikesh-nishank/miniconda3/envs/Segmentation/Datasets/KITTI/training/semantic/000017_10.png,450074,15676,465750,0.9663424584004294,170808,1,10989,1,3859,1,0,0,2725,1,7584,1,2890,1,1201,1,119391,1,19485,1,67959,1,2162,1,0,0,22678,1,0,0,18343,1,0,0,0,0,0,0
000018_10.png,/home/hrusikesh-nishank/miniconda3/envs/Segmentation/Datasets/KITTI/training/image_2/000018_10.png,/home/hrusikesh-nishank/miniconda3/envs/Segmentation/Datasets/KITTI/training/semantic/000018_10.png,460513,5237,465750,0.9887557702630166,72593,1,1119,1,8782,1,0,0,44222,1,1434,1,0,0,598,1,153102,1,89006,1,45306,1,0,0,0,0,44202,1,149,1,0,0,0,0,0,0,0,0
000019_10.png,/home/hrusikesh-nishank/miniconda3/envs/Segmentation/Datasets/KITTI/training/image_2/000019_10.png,/home/hrusikesh-nishank/miniconda3/envs/Segmentation/Datasets/KITTI/training/semantic/000019_10.png,455986,9764,465750,0.9790359634997317,84297,1,367,1,3460,1,2082,1,50483,1,975,1,0,0,0,0,153478,1,96924,1,42259,1,0,0,0,0,21558,1,103,1,0,0,0,0,0,0,0,0
000020_10.png,/home/hrusikesh-nishank/miniconda3/envs/Segmentation/Datasets/KITTI/training/image_2/000020_10.png,/home/hrusikesh-nishank/miniconda3/envs/Segmentation/Datasets/KITTI/training/semantic/000020_10.png,450237,15513,465750,0.9666924315619968,74229,1,2832,1,314,1,0,0,42984,1,1814,1,0,0,129,1,153189,1,76752,1,40370,1,228,1,0,0,57396,1,0,0,0,0,0,0,0,0,0,0
000021_10.png,/home/hrusikesh-nishank/miniconda3/envs/Segmentation/Datasets/KITTI/training/image_2/000021_10.png,/home/hrusikesh-nishank/miniconda3/envs/Segmentation/Datasets/KITTI/training/semantic/000021_10.png,412566,53184,465750,0.8858099838969404,81528,1,0,0,8438,1,0,0,100900,1,1756,1,0,0,0,0,133626,1,72494,1,3795,1,0,0,0,0,10029,1,0,0,0,0,0,0,0,0,0,0
000022_10.png,/home/hrusikesh-nishank/miniconda3/envs/Segmentation/Datasets/KITTI/training/image_2/000022_10.png,/home/hrusikesh-nishank/miniconda3/envs/Segmentation/Datasets/KITTI/training/semantic/000022_10.png,453969,11781,465750,0.9747053140096619,161379,1,17908,1,0,0,7064,1,4648,1,8516,1,4982,1,628,1,189836,1,11872,1,17645,1,0,0,0,0,29491,1,0,0,0,0,0,0,0,0,0,0
000023_10.png,/home/hrusikesh-nishank/miniconda3/envs/Segmentation/Datasets/KITTI/training/image_2/000023_10.png,/home/hrusikesh-nishank/miniconda3/envs/Segmentation/Datasets/KITTI/training/semantic/000023_10.png,451926,13824,465750,0.9703188405797102,124058,1,6171,1,0,0,7304,1,10014,1,7706,1,3135,1,1870,1,181168,1,28604,1,36833,1,0,0,0,0,45063,1,0,0,0,0,0,0,0,0,0,0
000024_10.png,/home/hrusikesh-nishank/miniconda3/envs/Segmentation/Datasets/KITTI/training/image_2/000024_10.png,/home/hrusikesh-nishank/miniconda3/envs/Segmentation/Datasets/KITTI/training/semantic/000024_10.png,450722,15028,465750,0.9677337627482555,104857,1,31724,1,1856,1,6374,1,12614,1,6905,1,0,0,617,1,169517,1,30714,1,53092,1,0,0,0,0,32452,1,0,0,0,0,0,0,0,0,0,0
000025_10.png,/home/hrusikesh-nishank/miniconda3/envs/Segmentation/Datasets/KITTI/training/image_2/000025_10.png,/home/hrusikesh-nishank/miniconda3/envs/Segmentation/Datasets/KITTI/training/semantic/000025_10.png,461296,4454,465750,0.9904369296833065,86139,1,57533,1,7896,1,4428,1,51083,1,18753,1,0,0,4122,1,159748,1,18105,1,37730,1,0,0,0,0,15510,1,0,0,0,0,249,1,0,0,0,0
000026_10.png,/home/hrusikesh-nishank/miniconda3/envs/Segmentation/Datasets/KITTI/training/image_2/000026_10.png,/home/hrusikesh-nishank/miniconda3/envs/Segmentation/Datasets/KITTI/training/semantic/000026_10.png,461797,3953,465750,0.9915126140633387,97229,1,69284,1,21365,1,5405,1,6720,1,7035,1,0,0,3591,1,173739,1,24741,1,40759,1,0,0,0,0,11531,1,0,0,0,0,398,1,0,0,0,0
000027_10.png,/home/hrusikesh-nishank/miniconda3/envs/Segmentation/Datasets/KITTI/training/image_2/000027_10.png,/home/hrusikesh-nishank/miniconda3/envs/Segmentation/Datasets/KITTI/training/semantic/000027_10.png,460970,4780,465750,0.9897369833601718,88202,1,60535,1,10397,1,0,0,7318,1,1935,1,40,1,0,0,188564,1,32762,1,59235,1,0,0,0,0,11982,1,0,0,0,0,0,0,0,0,0,0
000028_10.png,/home/hrusikesh-nishank/miniconda3/envs/Segmentation/Datasets/KITTI/training/image_2/000028_10.png,/home/hrusikesh-nishank/miniconda3/envs/Segmentation/Datasets/KITTI/training/semantic/000028_10.png,459745,6005,465750,0.9871068169618894,84812,1,58548,1,3443,1,0,0,7212,1,4508,1,51,1,101,1,194586,1,20898,1,64485,1,51,1,0,0,21050,1,0,0,0,0,0,0,0,0,0,0
000029_10.png,/home/hrusikesh-nishank/miniconda3/envs/Segmentation/Datasets/KITTI/training/image_2/000029_10.png,/home/hrusikesh-nishank/miniconda3/envs/Segmentation/Datasets/KITTI/training/semantic/000029_10.png,458087,7663,465750,0.9835469672571122,89190,1,65203,1,2679,1,0,0,6042,1,5570,1,0,0,1267,1,189450,1,25548,1,62581,1,0,0,0,0,10557,1,0,0,0,0,0,0,0,0,0,0
000030_10.png,/home/hrusikesh-nishank/miniconda3/envs/Segmentation/Datasets/KITTI/training/image_2/000030_10.png,/home/hrusikesh-nishank/miniconda3/envs/Segmentation/Datasets/KITTI/training/semantic/000030_10.png,455810,9940,465750,0.9786580783682233,90090,1,34837,1,7060,1,0,0,1996,1,5762,1,0,0,35,1,222887,1,26294,1,62064,1,278,1,0,0,4507,1,0,0,0,0,0,0,0,0,0,0
000031_10.png,/home/hrusikesh-nishank/miniconda3/envs/Segmentation/Datasets/KITTI/training/image_2/000031_10.png,/home/hrusikesh-nishank/miniconda3/envs/Segmentation/Datasets/KITTI/training/semantic/000031_10.png,459185,6565,465750,0.9859044551798175,75666,1,42763,1,14709,1,0,0,899,1,7993,1,811,1,156,1,206421,1,31915,1,62597,1,1873,1,874,1,10808,1,0,0,579,1,0,0,120,1,1001,1
000032_10.png,/home/hrusikesh-nishank/miniconda3/envs/Segmentation/Datasets/KITTI/training/image_2/000032_10.png,/home/hrusikesh-nishank/miniconda3/envs/Segmentation/Datasets/KITTI/training/semantic/000032_10.png,457942,7808,465750,0.98323564143854,78632,1,33898,1,15216,1,0,0,1851,1,6931,1,63,1,196,1,208535,1,38981,1,61164,1,757,1,0,0,10928,1,619,1,171,1,0,0,0,0,0,0
000033_10.png,/home/hrusikesh-nishank/miniconda3/envs/Segmentation/Datasets/KITTI/training/image_2/000033_10.png,/home/hrusikesh-nishank/miniconda3/envs/Segmentation/Datasets/KITTI/training/semantic/000033_10.png,461634,4116,465750,0.9911626409017713,95196,1,45414,1,1072,1,0,0,2450,1,10772,1,91,1,115,1,216106,1,26079,1,50327,1,2488,1,0,0,10672,1,0,0,852,1,0,0,0,0,0,0
000034_10.png,/home/hrusikesh-nishank/miniconda3/envs/Segmentation/Datasets/KITTI/training/image_2/000034_10.png,/home/hrusikesh-nishank/miniconda3/envs/Segmentation/Datasets/KITTI/training/semantic/000034_10.png,437681,28069,465750,0.9397337627482555,83237,1,63423,1,26081,1,0,0,0,0,13872,1,8008,1,1667,1,114663,1,40048,1,72097,1,0,0,0,0,14142,1,0,0,0,0,0,0,0,0,443,1
000035_10.png,/home/hrusikesh-nishank/miniconda3/envs/Segmentation/Datasets/KITTI/training/image_2/000035_10.png,/home/hrusikesh-nishank/miniconda3/envs/Segmentation/Datasets/KITTI/training/semantic/000035_10.png,443765,21985,465750,0.9527965646806227,81670,1,4333,1,25074,1,0,0,0,0,5157,1,201,1,81,1,127240,1,102391,1,79428,1,0,0,1317,1,15505,1,125,1,0,0,0,0,0,0,1243,1
000036_10.png,/home/hrusikesh-nishank/miniconda3/envs/Segmentation/Datasets/KITTI/training/image_2/000036_10.png,/home/hrusikesh-nishank/miniconda3/envs/Segmentation/Datasets/KITTI/training/semantic/000036_10.png,442410,23340,465750,0.9498872785829308,88344,1,0,0,8187,1,0,0,0,0,7212,1,0,0,296,1,154227,1,98344,1,76977,1,0,0,0,0,8795,1,28,1,0,0,0,0,0,0,0,0
000037_10.png,/home/hrusikesh-nishank/miniconda3/envs/Segmentation/Datasets/KITTI/training/image_2/000037_10.png,/home/hrusikesh-nishank/miniconda3/envs/Segmentation/Datasets/KITTI/training/semantic/000037_10.png,440875,24875,465750,0.9465915190552872,80748,1,0,0,6200,1,0,0,0,0,8012,1,0,0,2545,1,157766,1,96877,1,72582,1,0,0,0,0,15814,1,331,1,0,0,0,0,0,0,0,0
000038_10.png,/home/hrusikesh-nishank/miniconda3/envs/Segmentation/Datasets/KITTI/training/image_2/000038_10.png,/home/hrusikesh-nishank/miniconda3/envs/Segmentation/Datasets/KITTI/training/semantic/000038_10.png,442359,23391,465750,0.9497777777777778,79780,1,0,0,4273,1,0,0,0,0,4417,1,0,0,3114,1,141614,1,109321,1,81919,1,0,0,0,0,17150,1,771,1,0,0,0,0,0,0,0,0
000039_10.png,/home/hrusikesh-nishank/miniconda3/envs/Segmentation/Datasets/KITTI/training/image_2/000039_10.png,/home/hrusikesh-nishank/miniconda3/envs/Segmentation/Datasets/KITTI/training/semantic/000039_10.png,441135,24615,465750,0.9471497584541063,89796,1,3499,1,4801,1,0,0,0,0,5703,1,93,1,443,1,93135,1,106620,1,124462,1,0,0,0,0,10732,1,1851,1,0,0,0,0,0,0,0,0
000040_10.png,/home/hrusikesh-nishank/miniconda3/envs/Segmentation/Datasets/KITTI/training/image_2/000040_10.png,/home/hrusikesh-nishank/miniconda3/envs/Segmentation/Datasets/KITTI/training/semantic/000040_10.png,447515,18235,465750,0.9608480944712828,88594,1,2592,1,5322,1,0,0,0,0,3069,1,38,1,139,1,97162,1,112488,1,125412,1,0,0,0,0,12699,1,0,0,0,0,0,0,0,0,0,0
000041_10.png,/home/hrusikesh-nishank/miniconda3/envs/Segmentation/Datasets/KITTI/training/image_2/000041_10.png,/home/hrusikesh-nishank/miniconda3/envs/Segmentation/Datasets/KITTI/training/semantic/000041_10.png,440532,25218,465750,0.9458550724637681,81434,1,2183,1,6337,1,0,0,0,0,5266,1,0,0,279,1,79561,1,119061,1,122432,1,0,0,0,0,23898,1,81,1,0,0,0,0,0,0,0,0
000042_10.png,/home/hrusikesh-nishank/miniconda3/envs/Segmentation/Datasets/KITTI/training/image_2/000042_10.png,/home/hrusikesh-nishank/miniconda3/envs/Segmentation/Datasets/KITTI/training/semantic/000042_10.png,439784,25966,465750,0.9442490606548578,89015,1,0,0,5607,1,0,0,0,0,10685,1,0,0,10190,1,63704,1,116132,1,133126,1,0,0,0,0,11031,1,294,1,0,0,0,0,0,0,0,0
000043_10.png,/home/hrusikesh-nishank/miniconda3/envs/Segmentation/Datasets/KITTI/training/image_2/000043_10.png,/home/hrusikesh-nishank/miniconda3/envs/Segmentation/Datasets/KITTI/training/semantic/000043_10.png,455841,9909,465750,0.9787246376811595,178765,1,23122,1,1005,1,0,0,0,0,22721,1,9870,1,3735,1,91549,1,11337,1,105581,1,0,0,0,0,8156,1,0,0,0,0,0,0,0,0,0,0
000044_10.png,/home/hrusikesh-nishank/miniconda3/envs/Segmentation/Datasets/KITTI/training/image_2/000044_10.png,/home/hrusikesh-nishank/miniconda3/envs/Segmentation/Datasets/KITTI/training/semantic/000044_10.png,456525,9225,465750,0.9801932367149758,176380,1,24010,1,1050,1,0,0,0,0,26024,1,8874,1,4592,1,90558,1,9180,1,105267,1,0,0,0,0,10590,1,0,0,0,0,0,0,0,0,0,0
000045_10.png,/home/hrusikesh-nishank/miniconda3/envs/Segmentation/Datasets/KITTI/training/image_2/000045_10.png,/home/hrusikesh-nishank/miniconda3/envs/Segmentation/Datasets/KITTI/training/semantic/000045_10.png,455963,9787,465750,0.9789865807836823,169889,1,16392,1,1467,1,0,0,0,0,21423,1,9519,1,3087,1,89547,1,6455,1,105220,1,0,0,0,0,32964,1,0,0,0,0,0,0,0,0,0,0
000046_10.png,/home/hrusikesh-nishank/miniconda3/envs/Segmentation/Datasets/KITTI/training/image_2/000046_10.png,/home/hrusikesh-nishank/miniconda3/envs/Segmentation/Datasets/KITTI/training/semantic/000046_10.png,455150,10600,465750,0.9772410091250671,173335,1,21930,1,2449,1,0,0,0,0,27646,1,8752,1,3950,1,89212,1,8841,1,104143,1,0,0,0,0,14892,1,0,0,0,0,0,0,0,0,0,0
000047_10.png,/home/hrusikesh-nishank/miniconda3/envs/Segmentation/Datasets/KITTI/training/image_2/000047_10.png,/home/hrusikesh-nishank/miniconda3/envs/Segmentation/Datasets/KITTI/training/semantic/000047_10.png,456200,9550,465750,0.979495437466452,164368,1,19089,1,964,1,0,0,0,0,23235,1,9875,1,4638,1,89309,1,6418,1,106041,1,0,0,0,0,32213,1,50,1,0,0,0,0,0,0,0,0
000048_10.png,/home/hrusikesh-nishank/miniconda3/envs/Segmentation/Datasets/KITTI/training/image_2/000048_10.png,/home/hrusikesh-nishank/miniconda3/envs/Segmentation/Datasets/KITTI/training/semantic/000048_10.png,456534,9216,465750,0.9802125603864734,168846,1,20560,1,1269,1,0,0,0,0,26914,1,9266,1,3594,1,89918,1,7148,1,104452,1,0,0,0,0,24499,1,68,1,0,0,0,0,0,0,0,0
000049_10.png,/home/hrusikesh-nishank/miniconda3/envs/Segmentation/Datasets/KITTI/training/image_2/000049_10.png,/home/hrusikesh-nishank/miniconda3/envs/Segmentation/Datasets/KITTI/training/semantic/000049_10.png,455971,9779,465750,0.979003757380569,132754,1,18379,1,0,0,0,0,0,0,18733,1,8390,1,2697,1,62199,1,6132,1,92305,1,0,0,0,0,62893,1,51489,1,0,0,0,0,0,0,0,0
000050_10.png,/home/hrusikesh-nishank/miniconda3/envs/Segmentation/Datasets/KITTI/training/image_2/000050_10.png,/home/hrusikesh-nishank/miniconda3/envs/Segmentation/Datasets/KITTI/training/semantic/000050_10.png,455733,10017,465750,0.9784927536231884,165768,1,21351,1,944,1,0,0,0,0,24209,1,7855,1,2837,1,72060,1,6295,1,104518,1,0,0,0,0,22054,1,27842,1,0,0,0,0,0,0,0,0
000051_10.png,/home/hrusikesh-nishank/miniconda3/envs/Segmentation/Datasets/KITTI/training/image_2/000051_10.png,/home/hrusikesh-nishank/miniconda3/envs/Segmentation/Datasets/KITTI/training/semantic/000051_10.png,454662,11088,465750,0.9761932367149758,171070,1,20472,1,1088,1,0,0,0,0,22238,1,9879,1,3636,1,81985,1,6691,1,106028,1,0,0,0,0,23838,1,7737,1,0,0,0,0,0,0,0,0
000052_10.png,/home/hrusikesh-nishank/miniconda3/envs/Segmentation/Datasets/KITTI/training/image_2/000052_10.png,/home/hrusikesh-nishank/miniconda3/envs/Segmentation/Datasets/KITTI/training/semantic/000052_10.png,455213,10537,465750,0.9773762748255502,158133,1,19495,1,1283,1,0,0,0,0,21595,1,10208,1,3544,1,84107,1,7218,1,106645,1,0,0,0,0,40331,1,2654,1,0,0,0,0,0,0,0,0
000053_10.png,/home/hrusikesh-nishank/miniconda3/envs/Segmentation/Datasets/KITTI/training/image_2/000053_10.png,/home/hrusikesh-nishank/miniconda3/envs/Segmentation/Datasets/KITTI/training/semantic/000053_10.png,454893,10857,465750,0.9766892109500805,181473,1,21137,1,1265,1,0,0,0,0,21627,1,9923,1,3121,1,83482,1,8505,1,105680,1,0,0,0,0,17924,1,756,1,0,0,0,0,0,0,0,0
000054_10.png,/home/hrusikesh-nishank/miniconda3/envs/Segmentation/Datasets/KITTI/training/image_2/000054_10.png,/home/hrusikesh-nishank/miniconda3/envs/Segmentation/Datasets/KITTI/training/semantic/000054_10.png,465092,658,465750,0.9985872249060654,72720,1,8528,1,0,0,0,0,0,0,1469,1,0,0,0,0,183629,1,168813,1,23384,1,0,0,0,0,6549,1,0,0,0,0,0,0,0,0,0,0
000055_10.png,/home/hrusikesh-nishank/miniconda3/envs/Segmentation/Datasets/KITTI/training/image_2/000055_10.png,/home/hrusikesh-nishank/miniconda3/envs/Segmentation/Datasets/KITTI/training/semantic/000055_10.png,465494,256,465750,0.9994503488996243,77319,1,0,0,0,0,0,0,0,0,2185,1,0,0,11,1,205545,1,149056,1,24419,1,0,0,154,1,6677,1,90,1,0,0,0,0,0,0,38,1
000056_10.png,/home/hrusikesh-nishank/miniconda3/envs/Segmentation/Datasets/KITTI/training/image_2/000056_10.png,/home/hrusikesh-nishank/miniconda3/envs/Segmentation/Datasets/KITTI/training/semantic/000056_10.png,465450,300,465750,0.9993558776167472,67897,1,10180,1,0,0,0,0,0,0,7407,1,0,0,12,1,219161,1,123375,1,22559,1,0,0,1425,1,11460,1,0,0,0,0,0,0,0,0,1974,1
000057_10.png,/home/hrusikesh-nishank/miniconda3/envs/Segmentation/Datasets/KITTI/training/image_2/000057_10.png,/home/hrusikesh-nishank/miniconda3/envs/Segmentation/Datasets/KITTI/training/semantic/000057_10.png,463406,2344,465750,0.9949672571121847,53364,1,26119,1,3582,1,0,0,473,1,5068,1,0,0,6531,1,212087,1,114150,1,36191,1,341,1,0,0,5500,1,0,0,0,0,0,0,0,0,0,0
000058_10.png,/home/hrusikesh-nishank/miniconda3/envs/Segmentation/Datasets/KITTI/training/image_2/000058_10.png,/home/hrusikesh-nishank/miniconda3/envs/Segmentation/Datasets/KITTI/training/semantic/000058_10.png,459638,6112,465750,0.9868770799785292,41015,1,15917,1,5028,1,0,0,3535,1,3960,1,0,0,296,1,204790,1,94308,1,35864,1,497,1,0,0,54428,1,0,0,0,0,0,0,0,0,0,0
000059_10.png,/home/hrusikesh-nishank/miniconda3/envs/Segmentation/Datasets/KITTI/training/image_2/000059_10.png,/home/hrusikesh-nishank/miniconda3/envs/Segmentation/Datasets/KITTI/training/semantic/000059_10.png,452689,13061,465750,0.9719570585077831,47948,1,24216,1,2309,1,0,0,5618,1,5688,1,0,0,420,1,202170,1,118542,1,30253,1,878,1,0,0,14647,1,0,0,0,0,0,0,0,0,0,0
000060_10.png,/home/hrusikesh-nishank/miniconda3/envs/Segmentation/Datasets/KITTI/training/image_2/000060_10.png,/home/hrusikesh-nishank/miniconda3/envs/Segmentation/Datasets/KITTI/training/semantic/000060_10.png,464621,1129,465750,0.9975759527643585,67101,1,0,0,0,0,0,0,0,0,1897,1,0,0,0,0,310636,1,63327,1,7211,1,0,0,0,0,70,1,14379,1,0,0,0,0,0,0,0,0
000061_10.png,/home/hrusikesh-nishank/miniconda3/envs/Segmentation/Datasets/KITTI/training/image_2/000061_10.png,/home/hrusikesh-nishank/miniconda3/envs/Segmentation/Datasets/KITTI/training/semantic/000061_10.png,465750,0,465750,1.0,62791,1,0,0,0,0,0,0,0,0,81,1,0,0,0,0,336708,1,49786,1,10637,1,0,0,0,0,5747,1,0,0,0,0,0,0,0,0,0,0
000062_10.png,/home/hrusikesh-nishank/miniconda3/envs/Segmentation/Datasets/KITTI/training/image_2/000062_10.png,/home/hrusikesh-nishank/miniconda3/envs/Segmentation/Datasets/KITTI/training/semantic/000062_10.png,465750,0,465750,1.0,72563,1,0,0,0,0,0,0,0,0,739,1,0,0,0,0,265459,1,106264,1,16511,1,0,0,0,0,4214,1,0,0,0,0,0,0,0,0,0,0
000063_10.png,/home/hrusikesh-nishank/miniconda3/envs/Segmentation/Datasets/KITTI/training/image_2/000063_10.png,/home/hrusikesh-nishank/miniconda3/envs/Segmentation/Datasets/KITTI/training/semantic/000063_10.png,465750,0,465750,1.0,65254,1,0,0,0,0,0,0,0,0,645,1,0,0,25,1,240755,1,138166,1,13930,1,0,0,0,0,6975,1,0,0,0,0,0,0,0,0,0,0
000064_10.png,/home/hrusikesh-nishank/miniconda3/envs/Segmentation/Datasets/KITTI/training/image_2/000064_10.png,/home/hrusikesh-nishank/miniconda3/envs/Segmentation/Datasets/KITTI/training/semantic/000064_10.png,464488,1262,465750,0.9972903918411165,74638,1,0,0,0,0,0,0,0,0,3349,1,0,0,1279,1,344052,1,32489,1,3577,1,0,0,0,0,5104,1,0,0,0,0,0,0,0,0,0,0
000065_10.png,/home/hrusikesh-nishank/miniconda3/envs/Segmentation/Datasets/KITTI/training/image_2/000065_10.png,/home/hrusikesh-nishank/miniconda3/envs/Segmentation/Datasets/KITTI/training/semantic/000065_10.png,465281,469,465750,0.9989930220075147,69895,1,0,0,0,0,0,0,0,0,598,1,0,0,0,0,285686,1,94179,1,10252,1,0,0,0,0,4671,1,0,0,0,0,0,0,0,0,0,0
000066_10.png,/home/hrusikesh-nishank/miniconda3/envs/Segmentation/Datasets/KITTI/training/image_2/000066_10.png,/home/hrusikesh-nishank/miniconda3/envs/Segmentation/Datasets/KITTI/training/semantic/000066_10.png,465750,0,465750,1.0,65825,1,0,0,0,0,0,0,0,0,804,1,0,0,0,0,225192,1,159825,1,8817,1,0,0,0,0,5287,1,0,0,0,0,0,0,0,0,0,0
000067_10.png,/home/hrusikesh-nishank/miniconda3/envs/Segmentation/Datasets/KITTI/training/image_2/000067_10.png,/home/hrusikesh-nishank/miniconda3/envs/Segmentation/Datasets/KITTI/training/semantic/000067_10.png,465572,178,465750,0.99961782071927,65353,1,0,0,0,0,0,0,0,0,148,1,0,0,0,0,271431,1,109322,1,12910,1,0,0,0,0,6408,1,0,0,0,0,0,0,0,0,0,0
000068_10.png,/home/hrusikesh-nishank/miniconda3/envs/Segmentation/Datasets/KITTI/training/image_2/000068_10.png,/home/hrusikesh-nishank/miniconda3/envs/Segmentation/Datasets/KITTI/training/semantic/000068_10.png,465750,0,465750,1.0,66194,1,0,0,0,0,0,0,0,0,372,1,0,0,0,0,303456,1,72816,1,11698,1,0,0,0,0,11214,1,0,0,0,0,0,0,0,0,0,0
000069_10.png,/home/hrusikesh-nishank/miniconda3/envs/Segmentation/Datasets/KITTI/training/image_2/000069_10.png,/home/hrusikesh-nishank/miniconda3/envs/Segmentation/Datasets/KITTI/training/semantic/000069_10.png,465750,0,465750,1.0,64813,1,0,0,0,0,0,0,0,0,2754,1,0,0,164,1,269688,1,111197,1,10858,1,0,0,29,1,6243,1,0,0,0,0,0,0,4,1,0,0
000070_10.png,/home/hrusikesh-nishank/miniconda3/envs/Segmentation/Datasets/KITTI/training/image_2/000070_10.png,/home/hrusikesh-nishank/miniconda3/envs/Segmentation/Datasets/KITTI/training/semantic/000070_10.png,450123,15627,465750,0.9664476650563607,131011,1,0,0,542,1,0,0,1403,1,472,1,0,0,678,1,157816,1,34447,1,110260,1,0,0,0,0,13494,1,0,0,0,0,0,0,0,0,0,0
000071_10.png,/home/hrusikesh-nishank/miniconda3/envs/Segmentation/Datasets/KITTI/training/image_2/000071_10.png,/home/hrusikesh-nishank/miniconda3/envs/Segmentation/Datasets/KITTI/training/semantic/000071_10.png,463498,2252,465750,0.9951647879763822,148364,1,0,0,4752,1,0,0,0,0,4481,1,769,1,537,1,126618,1,69722,1,86857,1,100,1,0,0,11787,1,9511,1,0,0,0,0,0,0,0,0
000072_10.png,/home/hrusikesh-nishank/miniconda3/envs/Segmentation/Datasets/KITTI/training/image_2/000072_10.png,/home/hrusikesh-nishank/miniconda3/envs/Segmentation/Datasets/KITTI/training/semantic/000072_10.png,450971,14779,465750,0.9682683843263553,105173,1,5438,1,761,1,0,0,4329,1,474,1,0,0,6811,1,162068,1,34174,1,119790,1,0,0,0,0,11953,1,0,0,0,0,0,0,0,0,0,0
000073_10.png,/home/hrusikesh-nishank/miniconda3/envs/Segmentation/Datasets/KITTI/training/image_2/000073_10.png,/home/hrusikesh-nishank/miniconda3/envs/Segmentation/Datasets/KITTI/training/semantic/000073_10.png,445730,20020,465750,0.9570155662909287,108996,1,14515,1,1466,1,0,0,0,0,4019,1,0,0,1118,1,114263,1,76493,1,116845,1,0,0,0,0,8015,1,0,0,0,0,0,0,0,0,0,0
000074_10.png,/home/hrusikesh-nishank/miniconda3/envs/Segmentation/Datasets/KITTI/training/image_2/000074_10.png,/home/hrusikesh-nishank/miniconda3/envs/Segmentation/Datasets/KITTI/training/semantic/000074_10.png,444453,21297,465750,0.9542737520128824,108999,1,14624,1,118,1,0,0,0,0,4504,1,0,0,9961,1,127919,1,72307,1,97887,1,0,0,0,0,7930,1,204,1,0,0,0,0,0,0,0,0
000075_10.png,/home/hrusikesh-nishank/miniconda3/envs/Segmentation/Datasets/KITTI/training/image_2/000075_10.png,/home/hrusikesh-nishank/miniconda3/envs/Segmentation/Datasets/KITTI/training/semantic/000075_10.png,460400,5350,465750,0.9885131508319914,138515,1,12468,1,205,1,0,0,0,0,5779,1,363,1,4154,1,140778,1,43751,1,101282,1,0,0,0,0,12629,1,476,1,0,0,0,0,0,0,0,0
000076_10.png,/home/hrusikesh-nishank/miniconda3/envs/Segmentation/Datasets/KITTI/training/image_2/000076_10.png,/home/hrusikesh-nishank/miniconda3/envs/Segmentation/Datasets/KITTI/training/semantic/000076_10.png,461800,3950,465750,0.9915190552871712,143808,1,10062,1,0,0,0,0,0,0,5528,1,595,1,3988,1,151594,1,45221,1,89284,1,0,0,0,0,11286,1,434,1,0,0,0,0,0,0,0,0
000077_10.png,/home/hrusikesh-nishank/miniconda3/envs/Segmentation/Datasets/KITTI/training/image_2/000077_10.png,/home/hrusikesh-nishank/miniconda3/envs/Segmentation/Datasets/KITTI/training/semantic/000077_10.png,460048,5702,465750,0.9877573805689748,67574,1,20929,1,148,1,0,0,0,0,3317,1,92,1,761,1,125856,1,53505,1,131589,1,0,0,0,0,55947,1,330,1,0,0,0,0,0,0,0,0
000078_10.png,/home/hrusikesh-nishank/miniconda3/envs/Segmentation/Datasets/KITTI/training/image_2/000078_10.png,/home/hrusikesh-nishank/miniconda3/envs/Segmentation/Datasets/KITTI/training/semantic/000078_10.png,462992,2758,465750,0.9940783682232958,88079,1,23761,1,2674,1,0,0,0,0,2052,1,191,1,1960,1,108267,1,59724,1,150929,1,0,0,0,0,24824,1,384,1,147,1,0,0,0,0,0,0
000079_10.png,/home/hrusikesh-nishank/miniconda3/envs/Segmentation/Datasets/KITTI/training/image_2/000079_10.png,/home/hrusikesh-nishank/miniconda3/envs/Segmentation/Datasets/KITTI/training/semantic/000079_10.png,464251,1499,465750,0.9967815351583468,95964,1,21977,1,1827,1,0,0,271,1,2763,1,177,1,656,1,65005,1,58053,1,194159,1,0,0,0,0,22679,1,720,1,0,0,0,0,0,0,0,0
000080_10.png,/home/hrusikesh-nishank/miniconda3/envs/Segmentation/Datasets/KITTI/training/image_2/000080_10.png,/home/hrusikesh-nishank/miniconda3/envs/Segmentation/Datasets/KITTI/training/semantic/000080_10.png,462344,3406,465750,0.9926870638754697,108134,1,21104,1,1709,1,0,0,3090,1,5378,1,291,1,975,1,28584,1,94254,1,189647,1,0,0,0,0,9113,1,65,1,0,0,0,0,0,0,0,0
000081_10.png,/home/hrusikesh-nishank/miniconda3/envs/Segmentation/Datasets/KITTI/training/image_2/000081_10.png,/home/hrusikesh-nishank/miniconda3/envs/Segmentation/Datasets/KITTI/training/semantic/000081_10.png,454128,11622,465750,0.9750466988727858,115943,1,23655,1,1348,1,0,0,4471,1,6916,1,1348,1,4201,1,32699,1,78431,1,175023,1,0,0,90,1,9103,1,900,1,0,0,0,0,0,0,0,0
000082_10.png,/home/hrusikesh-nishank/miniconda3/envs/Segmentation/Datasets/KITTI/training/image_2/000082_10.png,/home/hrusikesh-nishank/miniconda3/envs/Segmentation/Datasets/KITTI/training/semantic/000082_10.png,450001,15749,465750,0.9661857219538379,74200,1,69473,1,26073,1,32459,1,9960,1,7028,1,166,1,810,1,156806,1,6987,1,44463,1,0,0,0,0,8341,1,13235,1,0,0,0,0,0,0,0,0
000083_10.png,/home/hrusikesh-nishank/miniconda3/envs/Segmentation/Datasets/KITTI/training/image_2/000083_10.png,/home/hrusikesh-nishank/miniconda3/envs/Segmentation/Datasets/KITTI/training/semantic/000083_10.png,407346,58404,465750,0.8746022544283414,64940,1,54175,1,87246,1,18039,1,0,0,840,1,0,0,511,1,78303,1,962,1,45160,1,0,0,0,0,56091,1,1079,1,0,0,0,0,0,0,0,0
000084_10.png,/home/hrusikesh-nishank/miniconda3/envs/Segmentation/Datasets/KITTI/training/image_2/000084_10.png,/home/hrusikesh-nishank/miniconda3/envs/Segmentation/Datasets/KITTI/training/semantic/000084_10.png,439585,26165,465750,0.9438217928073,67252,1,31906,1,3811,1,0,0,0,0,6093,1,0,0,0,0,195379,1,71719,1,56193,1,0,0,0,0,3971,1,3261,1,0,0,0,0,0,0,0,0
000085_10.png,/home/hrusikesh-nishank/miniconda3/envs/Segmentation/Datasets/KITTI/training/image_2/000085_10.png,/home/hrusikesh-nishank/miniconda3/envs/Segmentation/Datasets/KITTI/training/semantic/000085_10.png,462780,2970,465750,0.9936231884057971,89188,1,33410,1,270483,1,0,0,0,0,1095,1,0,0,311,1,38320,1,0,0,16192,1,0,0,0,0,13781,1,0,0,0,0,0,0,0,0,0,0
000086_10.png,/home/hrusikesh-nishank/miniconda3/envs/Segmentation/Datasets/KITTI/training/image_2/000086_10.png,/home/hrusikesh-nishank/miniconda3/envs/Segmentation/Datasets/KITTI/training/semantic/000086_10.png,458739,7011,465750,0.9849468599033816,85873,1,17042,1,262792,1,0,0,0,0,1218,1,0,0,570,1,33825,1,5912,1,17803,1,0,0,0,0,33704,1,0,0,0,0,0,0,0,0,0,0
000087_10.png,/home/hrusikesh-nishank/miniconda3/envs/Segmentation/Datasets/KITTI/training/image_2/000087_10.png,/home/hrusikesh-nishank/miniconda3/envs/Segmentation/Datasets/KITTI/training/semantic/000087_10.png,457688,8062,465750,0.9826902844873859,137598,1,14583,1,60631,1,0,0,1638,1,5438,1,0,0,0,0,97984,1,42002,1,62966,1,0,0,0,0,34848,1,0,0,0,0,0,0,0,0,0,0
000088_10.png,/home/hrusikesh-nishank/miniconda3/envs/Segmentation/Datasets/KITTI/training/image_2/000088_10.png,/home/hrusikesh-nishank/miniconda3/envs/Segmentation/Datasets/KITTI/training/semantic/000088_10.png,440604,25146,465750,0.9460096618357487,125225,1,35890,1,21793,1,0,0,7315,1,10479,1,0,0,2535,1,129454,1,33398,1,65535,1,0,0,223,1,8229,1,451,1,0,0,0,0,0,0,77,1
000089_10.png,/home/hrusikesh-nishank/miniconda3/envs/Segmentation/Datasets/KITTI/training/image_2/000089_10.png,/home/hrusikesh-nishank/miniconda3/envs/Segmentation/Datasets/KITTI/training/semantic/000089_10.png,438326,27424,465750,0.941118625872249,112187,1,0,0,12174,1,0,0,0,0,10667,1,78,1,431,1,147059,1,98381,1,26370,1,0,0,0,0,25971,1,4411,1,597,1,0,0,0,0,0,0
000090_10.png,/home/hrusikesh-nishank/miniconda3/envs/Segmentation/Datasets/KITTI/training/image_2/000090_10.png,/home/hrusikesh-nishank/miniconda3/envs/Segmentation/Datasets/KITTI/training/semantic/000090_10.png,433655,32095,465750,0.9310896403650026,86875,1,0,0,13409,1,0,0,0,0,2494,1,361,1,470,1,138163,1,86403,1,26820,1,0,0,0,0,69136,1,9002,1,0,0,522,1,0,0,0,0
000091_10.png,/home/hrusikesh-nishank/miniconda3/envs/Segmentation/Datasets/KITTI/training/image_2/000091_10.png,/home/hrusikesh-nishank/miniconda3/envs/Segmentation/Datasets/KITTI/training/semantic/000091_10.png,432687,33063,465750,0.929011272141707,85695,1,0,0,15100,1,0,0,0,0,3040,1,110,1,844,1,148716,1,87792,1,25908,1,0,0,0,0,63552,1,709,1,0,0,1221,1,0,0,0,0
000092_10.png,/home/hrusikesh-nishank/miniconda3/envs/Segmentation/Datasets/KITTI/training/image_2/000092_10.png,/home/hrusikesh-nishank/miniconda3/envs/Segmentation/Datasets/KITTI/training/semantic/000092_10.png,439358,26392,465750,0.9433344068706387,116120,1,0,0,14026,1,0,0,0,0,10389,1,0,0,606,1,152007,1,100375,1,27732,1,0,0,0,0,17435,1,0,0,0,0,668,1,0,0,0,0
000093_10.png,/home/hrusikesh-nishank/miniconda3/envs/Segmentation/Datasets/KITTI/training/image_2/000093_10.png,/home/hrusikesh-nishank/miniconda3/envs/Segmentation/Datasets/KITTI/training/semantic/000093_10.png,439605,26145,465750,0.9438647342995169,93584,1,0,0,13797,1,0,0,0,0,9902,1,0,0,0,0,146046,1,83614,1,25858,1,0,0,0,0,65264,1,0,0,0,0,1540,1,0,0,0,0
000094_10.png,/home/hrusikesh-nishank/miniconda3/envs/Segmentation/Datasets/KITTI/training/image_2/000094_10.png,/home/hrusikesh-nishank/miniconda3/envs/Segmentation/Datasets/KITTI/training/semantic/000094_10.png,439555,26195,465750,0.9437573805689747,105492,1,0,0,11968,1,0,0,0,0,9177,1,70,1,345,1,132820,1,86328,1,27301,1,0,0,0,0,64731,1,416,1,0,0,907,1,0,0,0,0
000095_10.png,/home/hrusikesh-nishank/miniconda3/envs/Segmentation/Datasets/KITTI/training/image_2/000095_10.png,/home/hrusikesh-nishank/miniconda3/envs/Segmentation/Datasets/KITTI/training/semantic/000095_10.png,439050,26700,465750,0.9426731078904992,82306,1,0,0,13886,1,0,0,0,0,9715,1,80,1,514,1,147881,1,83385,1,26658,1,0,0,0,0,73697,1,0,0,0,0,928,1,0,0,0,0
000096_10.png,/home/hrusikesh-nishank/miniconda3/envs/Segmentation/Datasets/KITTI/training/image_2/000096_10.png,/home/hrusikesh-nishank/miniconda3/envs/Segmentation/Datasets/KITTI/training/semantic/000096_10.png,439934,25816,465750,0.9445711218464842,112593,1,0,0,13314,1,0,0,0,0,9660,1,138,1,399,1,153034,1,100811,1,26884,1,0,0,0,0,21822,1,0,0,0,0,1279,1,0,0,0,0
000097_10.png,/home/hrusikesh-nishank/miniconda3/envs/Segmentation/Datasets/KITTI/training/image_2/000097_10.png,/home/hrusikesh-nishank/miniconda3/envs/Segmentation/Datasets/KITTI/training/semantic/000097_10.png,437786,27964,465750,0.939959205582394,115032,1,0,0,14151,1,0,0,0,0,10341,1,31,1,961,1,149597,1,97604,1,26426,1,0,0,0,0,22204,1,0,0,0,0,1439,1,0,0,0,0
000098_10.png,/home/hrusikesh-nishank/miniconda3/envs/Segmentation/Datasets/KITTI/training/image_2/000098_10.png,/home/hrusikesh-nishank/miniconda3/envs/Segmentation/Datasets/KITTI/training/semantic/000098_10.png,436436,29314,465750,0.9370606548577564,103363,1,0,0,13465,1,0,0,0,0,15219,1,72,1,1159,1,152029,1,91933,1,27992,1,0,0,0,0,30255,1,0,0,0,0,949,1,0,0,0,0
000099_10.png,/home/hrusikesh-nishank/miniconda3/envs/Segmentation/Datasets/KITTI/training/image_2/000099_10.png,/home/hrusikesh-nishank/miniconda3/envs/Segmentation/Datasets/KITTI/training/semantic/000099_10.png,454534,11216,465750,0.975918411164788,133216,1,0,0,21,1,0,0,0,0,2508,1,0,0,15544,1,182645,1,54136,1,63712,1,0,0,0,0,2673,1,79,1,0,0,0,0,0,0,0,0
000100_10.png,/home/hrusikesh-nishank/miniconda3/envs/Segmentation/Datasets/KITTI/training/image_2/000100_10.png,/home/hrusikesh-nishank/miniconda3/envs/Segmentation/Datasets/KITTI/training/semantic/000100_10.png,455529,10221,465750,0.9780547504025765,122413,1,0,0,0,0,0,0,0,0,3451,1,0,0,21117,1,167388,1,43190,1,69668,1,0,0,0,0,27637,1,401,1,264,1,0,0,0,0,0,0
000101_10.png,/home/hrusikesh-nishank/miniconda3/envs/Segmentation/Datasets/KITTI/training/image_2/000101_10.png,/home/hrusikesh-nishank/miniconda3/envs/Segmentation/Datasets/KITTI/training/semantic/000101_10.png,453400,12350,465750,0.9734836285560923,132033,1,0,0,0,0,1137,1,0,0,495,1,0,0,428,1,182043,1,58338,1,67395,1,0,0,0,0,7331,1,4200,1,0,0,0,0,0,0,0,0
000102_10.png,/home/hrusikesh-nishank/miniconda3/envs/Segmentation/Datasets/KITTI/training/image_2/000102_10.png,/home/hrusikesh-nishank/miniconda3/envs/Segmentation/Datasets/KITTI/training/semantic/000102_10.png,441999,23751,465750,0.9490048309178744,162653,1,0,0,0,0,44201,1,0,0,475,1,1401,1,2779,1,111196,1,28478,1,71568,1,0,0,0,0,18775,1,473,1,0,0,0,0,0,0,0,0
000103_10.png,/home/hrusikesh-nishank/miniconda3/envs/Segmentation/Datasets/KITTI/training/image_2/000103_10.png,/home/hrusikesh-nishank/miniconda3/envs/Segmentation/Datasets/KITTI/training/semantic/000103_10.png,428573,37177,465750,0.9201782071926999,131198,1,0,0,0,0,100204,1,0,0,607,1,0,0,0,0,72041,1,32938,1,71274,1,0,0,0,0,20139,1,172,1,0,0,0,0,0,0,0,0
000104_10.png,/home/hrusikesh-nishank/miniconda3/envs/Segmentation/Datasets/KITTI/training/image_2/000104_10.png,/home/hrusikesh-nishank/miniconda3/envs/Segmentation/Datasets/KITTI/training/semantic/000104_10.png,165030,300720,465750,0.3543317230273752,155291,1,0,0,0,0,0,0,0,0,0,0,0,0,0,0,0,0,0,0,0,0,0,0,0,0,9739,1,0,0,0,0,0,0,0,0,0,0
000105_10.png,/home/hrusikesh-nishank/miniconda3/envs/Segmentation/Datasets/KITTI/training/image_2/000105_10.png,/home/hrusikesh-nishank/miniconda3/envs/Segmentation/Datasets/KITTI/training/semantic/000105_10.png,457216,8534,465750,0.9816768652710681,108985,1,31804,1,30343,1,1302,1,0,0,3348,1,0,0,5533,1,167454,1,42290,1,49578,1,0,0,0,0,16579,1,0,0,0,0,0,0,0,0,0,0
000106_10.png,/home/hrusikesh-nishank/miniconda3/envs/Segmentation/Datasets/KITTI/training/image_2/000106_10.png,/home/hrusikesh-nishank/miniconda3/envs/Segmentation/Datasets/KITTI/training/semantic/000106_10.png,438925,26825,465750,0.9424047235641438,109852,1,2258,1,2268,1,0,0,0,0,7579,1,0,0,0,0,181953,1,59032,1,64008,1,0,0,0,0,11391,1,584,1,0,0,0,0,0,0,0,0
000107_10.png,/home/hrusikesh-nishank/miniconda3/envs/Segmentation/Datasets/KITTI/training/image_2/000107_10.png,/home/hrusikesh-nishank/miniconda3/envs/Segmentation/Datasets/KITTI/training/semantic/000107_10.png,443879,21871,465750,0.9530413311862588,120986,1,5916,1,21150,1,701,1,251,1,3920,1,0,0,433,1,209883,1,56193,1,9746,1,0,0,0,0,14700,1,0,0,0,0,0,0,0,0,0,0
000108_10.png,/home/hrusikesh-nishank/miniconda3/envs/Segmentation/Datasets/KITTI/training/image_2/000108_10.png,/home/hrusikesh-nishank/miniconda3/envs/Segmentation/Datasets/KITTI/training/semantic/000108_10.png,444718,21032,465750,0.9548427267847558,116869,1,4089,1,30698,1,61,1,0,0,917,1,0,0,710,1,201758,1,60260,1,18224,1,0,0,0,0,10698,1,434,1,0,0,0,0,0,0,0,0
000109_10.png,/home/hrusikesh-nishank/miniconda3/envs/Segmentation/Datasets/KITTI/training/image_2/000109_10.png,/home/hrusikesh-nishank/miniconda3/envs/Segmentation/Datasets/KITTI/training/semantic/000109_10.png,448038,17712,465750,0.9619710144927536,127729,1,964,1,27894,1,1239,1,0,0,4251,1,0,0,0,0,174393,1,61165,1,45815,1,121,1,0,0,3382,1,0,0,0,0,1085,1,0,0,0,0
000110_10.png,/home/hrusikesh-nishank/miniconda3/envs/Segmentation/Datasets/KITTI/training/image_2/000110_10.png,/home/hrusikesh-nishank/miniconda3/envs/Segmentation/Datasets/KITTI/training/semantic/000110_10.png,441067,24683,465750,0.947003757380569,136140,1,6162,1,47744,1,1695,1,0,0,1329,1,33,1,93,1,146953,1,49194,1,46034,1,229,1,0,0,3517,1,0,0,0,0,1944,1,0,0,0,0
000111_10.png,/home/hrusikesh-nishank/miniconda3/envs/Segmentation/Datasets/KITTI/training/image_2/000111_10.png,/home/hrusikesh-nishank/miniconda3/envs/Segmentation/Datasets/KITTI/training/semantic/000111_10.png,423715,42035,465750,0.909747718733226,127889,1,14118,1,83326,1,14820,1,0,0,5050,1,18,1,0,0,87984,1,21701,1,58950,1,0,0,0,0,9491,1,0,0,0,0,368,1,0,0,0,0
000112_10.png,/home/hrusikesh-nishank/miniconda3/envs/Segmentation/Datasets/KITTI/training/image_2/000112_10.png,/home/hrusikesh-nishank/miniconda3/envs/Segmentation/Datasets/KITTI/training/semantic/000112_10.png,456219,9531,465750,0.9795362318840579,144358,1,17610,1,15095,1,665,1,2618,1,11883,1,5972,1,2862,1,67368,1,11619,1,114671,1,0,0,0,0,61435,1,63,1,0,0,0,0,0,0,0,0
000113_10.png,/home/hrusikesh-nishank/miniconda3/envs/Segmentation/Datasets/KITTI/training/image_2/000113_10.png,/home/hrusikesh-nishank/miniconda3/envs/Segmentation/Datasets/KITTI/training/semantic/000113_10.png,459435,6315,465750,0.9864412238325282,147460,1,13205,1,13812,1,0,0,4660,1,10489,1,6227,1,3413,1,68023,1,13330,1,120539,1,0,0,0,0,58277,1,0,0,0,0,0,0,0,0,0,0
000114_10.png,/home/hrusikesh-nishank/miniconda3/envs/Segmentation/Datasets/KITTI/training/image_2/000114_10.png,/home/hrusikesh-nishank/miniconda3/envs/Segmentation/Datasets/KITTI/training/semantic/000114_10.png,451661,14089,465750,0.9697498658078368,151779,1,11795,1,14630,1,0,0,7916,1,10372,1,6456,1,4776,1,65411,1,12222,1,114367,1,0,0,0,0,51937,1,0,0,0,0,0,0,0,0,0,0
000115_10.png,/home/hrusikesh-nishank/miniconda3/envs/Segmentation/Datasets/KITTI/training/image_2/000115_10.png,/home/hrusikesh-nishank/miniconda3/envs/Segmentation/Datasets/KITTI/training/semantic/000115_10.png,450774,14976,465750,0.9678454106280193,155693,1,17527,1,15277,1,0,0,6346,1,11122,1,6410,1,5909,1,66177,1,17371,1,121791,1,0,0,0,0,27151,1,0,0,0,0,0,0,0,0,0,0
000116_10.png,/home/hrusikesh-nishank/miniconda3/envs/Segmentation/Datasets/KITTI/training/image_2/000116_10.png,/home/hrusikesh-nishank/miniconda3/envs/Segmentation/Datasets/KITTI/training/semantic/000116_10.png,454793,10957,465750,0.9764745034889962,156568,1,12589,1,14167,1,0,0,4699,1,27843,1,9792,1,715,1,67373,1,20940,1,117386,1,0,0,0,0,22552,1,169,1,0,0,0,0,0,0,0,0
000117_10.png,/home/hrusikesh-nishank/miniconda3/envs/Segmentation/Datasets/KITTI/training/image_2/000117_10.png,/home/hrusikesh-nishank/miniconda3/envs/Segmentation/Datasets/KITTI/training/semantic/000117_10.png,450749,15001,465750,0.9677917337627483,158903,1,9341,1,9032,1,0,0,3673,1,14892,1,4627,1,5218,1,88993,1,48477,1,93954,1,0,0,0,0,13407,1,232,1,0,0,0,0,0,0,0,0
000118_10.png,/home/hrusikesh-nishank/miniconda3/envs/Segmentation/Datasets/KITTI/training/image_2/000118_10.png,/home/hrusikesh-nishank/miniconda3/envs/Segmentation/Datasets/KITTI/training/semantic/000118_10.png,430712,35038,465750,0.9247707997852925,66096,1,33994,1,98076,1,6375,1,1219,1,10926,1,0,0,12407,1,85949,1,32316,1,30802,1,1698,1,0,0,50854,1,0,0,0,0,0,0,0,0,0,0
000119_10.png,/home/hrusikesh-nishank/miniconda3/envs/Segmentation/Datasets/KITTI/training/image_2/000119_10.png,/home/hrusikesh-nishank/miniconda3/envs/Segmentation/Datasets/KITTI/training/semantic/000119_10.png,446471,19279,465750,0.9586065485775631,75667,1,81568,1,106957,1,5884,1,0,0,19237,1,281,1,20719,1,65790,1,19562,1,34195,1,3116,1,0,0,7747,1,5748,1,0,0,0,0,0,0,0,0
000120_10.png,/home/hrusikesh-nishank/miniconda3/envs/Segmentation/Datasets/KITTI/training/image_2/000120_10.png,/home/hrusikesh-nishank/miniconda3/envs/Segmentation/Datasets/KITTI/training/semantic/000120_10.png,432634,33116,465750,0.9288974771873323,72232,1,0,0,82540,1,0,0,0,0,8731,1,31,1,91,1,100668,1,36338,1,36516,1,0,0,0,0,95049,1,438,1,0,0,0,0,0,0,0,0
000121_10.png,/home/hrusikesh-nishank/miniconda3/envs/Segmentation/Datasets/KITTI/training/image_2/000121_10.png,/home/hrusikesh-nishank/miniconda3/envs/Segmentation/Datasets/KITTI/training/semantic/000121_10.png,389108,76642,465750,0.8354439076757917,76318,1,606,1,122990,1,0,0,0,0,4060,1,46,1,637,1,80386,1,35587,1,27591,1,0,0,0,0,40033,1,854,1,0,0,0,0,0,0,0,0
000122_10.png,/home/hrusikesh-nishank/miniconda3/envs/Segmentation/Datasets/KITTI/training/image_2/000122_10.png,/home/hrusikesh-nishank/miniconda3/envs/Segmentation/Datasets/KITTI/training/semantic/000122_10.png,458312,7438,465750,0.9840300590445518,67109,1,32652,1,82813,1,8221,1,0,0,4561,1,217,1,6271,1,123280,1,60038,1,33202,1,0,0,0,0,39948,1,0,0,0,0,0,0,0,0,0,0
000123_10.png,/home/hrusikesh-nishank/miniconda3/envs/Segmentation/Datasets/KITTI/training/image_2/000123_10.png,/home/hrusikesh-nishank/miniconda3/envs/Segmentation/Datasets/KITTI/training/semantic/000123_10.png,443872,21878,465750,0.9530263016639828,70915,1,18375,1,90523,1,4409,1,0,0,7410,1,90,1,3817,1,122220,1,59088,1,32916,1,0,0,0,0,34109,1,0,0,0,0,0,0,0,0,0,0
000124_10.png,/home/hrusikesh-nishank/miniconda3/envs/Segmentation/Datasets/KITTI/training/image_2/000124_10.png,/home/hrusikesh-nishank/miniconda3/envs/Segmentation/Datasets/KITTI/training/semantic/000124_10.png,432184,33566,465750,0.9279312936124531,72617,1,12362,1,89004,1,2116,1,0,0,3725,1,145,1,3467,1,111903,1,40739,1,30367,1,147,1,0,0,65592,1,0,0,0,0,0,0,0,0,0,0
000125_10.png,/home/hrusikesh-nishank/miniconda3/envs/Segmentation/Datasets/KITTI/training/image_2/000125_10.png,/home/hrusikesh-nishank/miniconda3/envs/Segmentation/Datasets/KITTI/training/semantic/000125_10.png,415997,49753,465750,0.8931765968867418,71711,1,14347,1,84783,1,10921,1,0,0,4169,1,248,1,572,1,118178,1,32555,1,27852,1,0,0,0,0,50661,1,0,0,0,0,0,0,0,0,0,0
000126_10.png,/home/hrusikesh-nishank/miniconda3/envs/Segmentation/Datasets/KITTI/training/image_2/000126_10.png,/home/hrusikesh-nishank/miniconda3/envs/Segmentation/Datasets/KITTI/training/semantic/000126_10.png,420935,44815,465750,0.9037788513150832,81092,1,6531,1,82751,1,4196,1,0,0,5800,1,384,1,1205,1,119407,1,32869,1,25052,1,0,0,0,0,61648,1,0,0,0,0,0,0,0,0,0,0
000127_10.png,/home/hrusikesh-nishank/miniconda3/envs/Segmentation/Datasets/KITTI/training/image_2/000127_10.png,/home/hrusikesh-nishank/miniconda3/envs/Segmentation/Datasets/KITTI/training/semantic/000127_10.png,417634,48116,465750,0.8966913580246914,112393,1,18463,1,85878,1,6245,1,0,0,5444,1,691,1,1140,1,114241,1,14685,1,25118,1,644,1,0,0,29959,1,0,0,0,0,0,0,0,0,2733,1
000128_10.png,/home/hrusikesh-nishank/miniconda3/envs/Segmentation/Datasets/KITTI/training/image_2/000128_10.png,/home/hrusikesh-nishank/miniconda3/envs/Segmentation/Datasets/KITTI/training/semantic/000128_10.png,465349,401,465750,0.9991390230810521,82670,1,16903,1,0,0,32599,1,0,0,3229,1,27,1,0,0,197820,1,104114,1,23085,1,0,0,0,0,4902,1,0,0,0,0,0,0,0,0,0,0
000129_10.png,/home/hrusikesh-nishank/miniconda3/envs/Segmentation/Datasets/KITTI/training/image_2/000129_10.png,/home/hrusikesh-nishank/miniconda3/envs/Segmentation/Datasets/KITTI/training/semantic/000129_10.png,463553,2197,465750,0.9952828770799785,89835,1,0,0,0,0,0,0,0,0,1623,1,0,0,1873,1,216462,1,94823,1,53755,1,32,1,161,1,4941,1,0,0,0,0,0,0,0,0,48,1
000130_10.png,/home/hrusikesh-nishank/miniconda3/envs/Segmentation/Datasets/KITTI/training/image_2/000130_10.png,/home/hrusikesh-nishank/miniconda3/envs/Segmentation/Datasets/KITTI/training/semantic/000130_10.png,458452,7298,465750,0.9843306494900698,151284,1,29399,1,92382,1,0,0,5012,1,7911,1,1580,1,3200,1,103130,1,19421,1,28436,1,44,1,0,0,16569,1,0,0,0,0,0,0,84,1,0,0
000131_10.png,/home/hrusikesh-nishank/miniconda3/envs/Segmentation/Datasets/KITTI/training/image_2/000131_10.png,/home/hrusikesh-nishank/miniconda3/envs/Segmentation/Datasets/KITTI/training/semantic/000131_10.png,457776,7974,465750,0.9828792270531401,108230,1,14799,1,159686,1,0,0,0,0,3203,1,0,0,7913,1,63947,1,3321,1,9909,1,0,0,0,0,86768,1,0,0,0,0,0,0,0,0,0,0
000132_10.png,/home/hrusikesh-nishank/miniconda3/envs/Segmentation/Datasets/KITTI/training/image_2/000132_10.png,/home/hrusikesh-nishank/miniconda3/envs/Segmentation/Datasets/KITTI/training/semantic/000132_10.png,465384,366,465750,0.9992141706924316,91765,1,22552,1,113718,1,9196,1,1202,1,3276,1,0,0,0,0,118453,1,1179,1,12299,1,410,1,0,0,91334,1,0,0,0,0,0,0,0,0,0,0
000133_10.png,/home/hrusikesh-nishank/miniconda3/envs/Segmentation/Datasets/KITTI/training/image_2/000133_10.png,/home/hrusikesh-nishank/miniconda3/envs/Segmentation/Datasets/KITTI/training/semantic/000133_10.png,450009,15741,465750,0.9662028985507246,112069,1,29618,1,200285,1,0,0,0,0,1764,1,0,0,191,1,67277,1,1422,1,5900,1,274,1,0,0,27124,1,0,0,0,0,0,0,3493,1,592,1
000134_10.png,/home/hrusikesh-nishank/miniconda3/envs/Segmentation/Datasets/KITTI/training/image_2/000134_10.png,/home/hrusikesh-nishank/miniconda3/envs/Segmentation/Datasets/KITTI/training/semantic/000134_10.png,459489,6261,465750,0.9865571658615137,117499,1,34576,1,173035,1,0,0,0,0,2142,1,148,1,1755,1,50854,1,203,1,26034,1,0,0,0,0,53243,1,0,0,0,0,0,0,0,0,0,0
000135_10.png,/home/hrusikesh-nishank/miniconda3/envs/Segmentation/Datasets/KITTI/training/image_2/000135_10.png,/home/hrusikesh-nishank/miniconda3/envs/Segmentation/Datasets/KITTI/training/semantic/000135_10.png,446817,18933,465750,0.9593494363929147,157393,1,31791,1,111346,1,0,0,0,0,1809,1,111,1,2089,1,94849,1,2026,1,23665,1,0,0,0,0,21738,1,0,0,0,0,0,0,0,0,0,0
000136_10.png,/home/hrusikesh-nishank/miniconda3/envs/Segmentation/Datasets/KITTI/training/image_2/000136_10.png,/home/hrusikesh-nishank/miniconda3/envs/Segmentation/Datasets/KITTI/training/semantic/000136_10.png,452605,13145,465750,0.9717767042404724,119174,1,31294,1,114249,1,0,0,0,0,2159,1,241,1,2971,1,90317,1,566,1,24379,1,0,0,0,0,67255,1,0,0,0,0,0,0,0,0,0,0
000137_10.png,/home/hrusikesh-nishank/miniconda3/envs/Segmentation/Datasets/KITTI/training/image_2/000137_10.png,/home/hrusikesh-nishank/miniconda3/envs/Segmentation/Datasets/KITTI/training/semantic/000137_10.png,448240,17510,465750,0.9624047235641439,125906,1,27412,1,118102,1,0,0,0,0,1223,1,198,1,3559,1,91878,1,3598,1,26692,1,0,0,0,0,49672,1,0,0,0,0,0,0,0,0,0,0
000138_10.png,/home/hrusikesh-nishank/miniconda3/envs/Segmentation/Datasets/KITTI/training/image_2/000138_10.png,/home/hrusikesh-nishank/miniconda3/envs/Segmentation/Datasets/KITTI/training/semantic/000138_10.png,445893,19857,465750,0.957365539452496,142711,1,28563,1,115778,1,0,0,527,1,2208,1,264,1,3892,1,89908,1,4966,1,26766,1,0,0,0,0,30310,1,0,0,0,0,0,0,0,0,0,0
000139_10.png,/home/hrusikesh-nishank/miniconda3/envs/Segmentation/Datasets/KITTI/training/image_2/000139_10.png,/home/hrusikesh-nishank/miniconda3/envs/Segmentation/Datasets/KITTI/training/semantic/000139_10.png,438615,27135,465750,0.9417391304347826,142014,1,29901,1,109034,1,0,0,0,0,2583,1,286,1,4314,1,90258,1,4863,1,27046,1,0,0,0,0,28316,1,0,0,0,0,0,0,0,0,0,0
000140_10.png,/home/hrusikesh-nishank/miniconda3/envs/Segmentation/Datasets/KITTI/training/image_2/000140_10.png,/home/hrusikesh-nishank/miniconda3/envs/Segmentation/Datasets/KITTI/training/semantic/000140_10.png,433299,32451,465750,0.9303252818035427,142524,1,23561,1,81183,1,0,0,0,0,3166,1,328,1,4981,1,107954,1,3199,1,27208,1,0,0,0,0,39195,1,0,0,0,0,0,0,0,0,0,0
000141_10.png,/home/hrusikesh-nishank/miniconda3/envs/Segmentation/Datasets/KITTI/training/image_2/000141_10.png,/home/hrusikesh-nishank/miniconda3/envs/Segmentation/Datasets/KITTI/training/semantic/000141_10.png,460164,5586,465750,0.9880064412238325,162498,1,21736,1,108115,1,0,0,0,0,5169,1,2025,1,974,1,106358,1,1959,1,33954,1,0,0,0,0,17308,1,68,1,0,0,0,0,0,0,0,0
000142_10.png,/home/hrusikesh-nishank/miniconda3/envs/Segmentation/Datasets/KITTI/training/image_2/000142_10.png,/home/hrusikesh-nishank/miniconda3/envs/Segmentation/Datasets/KITTI/training/semantic/000142_10.png,462430,3320,465750,0.9928717122920021,81212,1,23416,1,55532,1,0,0,0,0,5651,1,0,0,457,1,187568,1,94513,1,3643,1,97,1,0,0,10341,1,0,0,0,0,0,0,0,0,0,0
000143_10.png,/home/hrusikesh-nishank/miniconda3/envs/Segmentation/Datasets/KITTI/training/image_2/000143_10.png,/home/hrusikesh-nishank/miniconda3/envs/Segmentation/Datasets/KITTI/training/semantic/000143_10.png,456359,9391,465750,0.9798368223295759,105920,1,10235,1,15915,1,0,0,0,0,3923,1,208,1,234,1,218151,1,49141,1,17838,1,0,0,0,0,34794,1,0,0,0,0,0,0,0,0,0,0
000144_10.png,/home/hrusikesh-nishank/miniconda3/envs/Segmentation/Datasets/KITTI/training/image_2/000144_10.png,/home/hrusikesh-nishank/miniconda3/envs/Segmentation/Datasets/KITTI/training/semantic/000144_10.png,462870,2880,465750,0.993816425120773,95558,1,43934,1,128,1,0,0,18333,1,4731,1,976,1,1102,1,88068,1,834,1,50447,1,0,0,968,1,4988,1,0,0,0,0,152373,1,0,0,430,1
000145_10.png,/home/hrusikesh-nishank/miniconda3/envs/Segmentation/Datasets/KITTI/training/image_2/000145_10.png,/home/hrusikesh-nishank/miniconda3/envs/Segmentation/Datasets/KITTI/training/semantic/000145_10.png,394061,71689,465750,0.8460783682232957,53860,1,62807,1,134,1,0,0,17054,1,29543,1,269,1,1450,1,137414,1,2987,1,77351,1,0,0,0,0,8880,1,203,1,0,0,2109,1,0,0,0,0
000146_10.png,/home/hrusikesh-nishank/miniconda3/envs/Segmentation/Datasets/KITTI/training/image_2/000146_10.png,/home/hrusikesh-nishank/miniconda3/envs/Segmentation/Datasets/KITTI/training/semantic/000146_10.png,456903,8847,465750,0.9810048309178744,139937,1,3094,1,1742,1,0,0,0,0,5903,1,0,0,1270,1,181784,1,61021,1,50615,1,0,0,376,1,9268,1,544,1,809,1,0,0,0,0,540,1
000147_10.png,/home/hrusikesh-nishank/miniconda3/envs/Segmentation/Datasets/KITTI/training/image_2/000147_10.png,/home/hrusikesh-nishank/miniconda3/envs/Segmentation/Datasets/KITTI/training/semantic/000147_10.png,455112,10638,465750,0.977159420289855,115557,1,27923,1,0,0,0,0,0,0,5572,1,0,0,1804,1,185459,1,40456,1,57794,1,0,0,0,0,19565,1,0,0,982,1,0,0,0,0,0,0
000148_10.png,/home/hrusikesh-nishank/miniconda3/envs/Segmentation/Datasets/KITTI/training/image_2/000148_10.png,/home/hrusikesh-nishank/miniconda3/envs/Segmentation/Datasets/KITTI/training/semantic/000148_10.png,413959,51791,465750,0.8888008588298444,119469,1,35492,1,17092,1,0,0,0,0,2355,1,0,0,4917,1,167602,1,0,0,63697,1,515,1,109,1,2695,1,0,0,0,0,0,0,0,0,16,1
000149_10.png,/home/hrusikesh-nishank/miniconda3/envs/Segmentation/Datasets/KITTI/training/image_2/000149_10.png,/home/hrusikesh-nishank/miniconda3/envs/Segmentation/Datasets/KITTI/training/semantic/000149_10.png,459501,6249,465750,0.9865829307568438,174486,1,32684,1,145721,1,0,0,0,0,20466,1,9738,1,2023,1,48210,1,281,1,11202,1,1420,1,297,1,11642,1,0,0,0,0,0,0,0,0,1331,1
000150_10.png,/home/hrusikesh-nishank/miniconda3/envs/Segmentation/Datasets/KITTI/training/image_2/000150_10.png,/home/hrusikesh-nishank/miniconda3/envs/Segmentation/Datasets/KITTI/training/semantic/000150_10.png,460647,5103,465750,0.9890434782608696,150994,1,29394,1,163966,1,0,0,4205,1,17194,1,2930,1,2481,1,49777,1,3334,1,14116,1,1117,1,1578,1,17818,1,0,0,0,0,0,0,0,0,1743,1
000151_10.png,/home/hrusikesh-nishank/miniconda3/envs/Segmentation/Datasets/KITTI/training/image_2/000151_10.png,/home/hrusikesh-nishank/miniconda3/envs/Segmentation/Datasets/KITTI/training/semantic/000151_10.png,461548,4202,465750,0.9909779924852389,127334,1,31511,1,142918,1,0,0,0,0,561,1,0,0,1045,1,112012,1,1025,1,602,1,0,0,0,0,40278,1,309,1,0,0,0,0,0,0,3953,1
000152_10.png,/home/hrusikesh-nishank/miniconda3/envs/Segmentation/Datasets/KITTI/training/image_2/000152_10.png,/home/hrusikesh-nishank/miniconda3/envs/Segmentation/Datasets/KITTI/training/semantic/000152_10.png,437874,27876,465750,0.9401481481481482,80127,1,31189,1,132282,1,0,0,2248,1,827,1,0,0,3557,1,110824,1,0,0,185,1,0,0,0,0,75960,1,675,1,0,0,0,0,0,0,0,0
000153_10.png,/home/hrusikesh-nishank/miniconda3/envs/Segmentation/Datasets/KITTI/training/image_2/000153_10.png,/home/hrusikesh-nishank/miniconda3/envs/Segmentation/Datasets/KITTI/training/semantic/000153_10.png,435482,30268,465750,0.9350123456790124,55824,1,0,0,104333,1,0,0,8707,1,25,1,86,1,0,0,103916,1,0,0,1297,1,0,0,231,1,161015,1,0,0,0,0,0,0,0,0,48,1
000154_10.png,/home/hrusikesh-nishank/miniconda3/envs/Segmentation/Datasets/KITTI/training/image_2/000154_10.png,/home/hrusikesh-nishank/miniconda3/envs/Segmentation/Datasets/KITTI/training/semantic/000154_10.png,369120,96630,465750,0.7925281803542673,60642,1,836,1,106857,1,0,0,0,0,155,1,0,0,681,1,82891,1,3097,1,3767,1,0,0,96,1,110003,1,0,0,0,0,0,0,0,0,95,1
000155_10.png,/home/hrusikesh-nishank/miniconda3/envs/Segmentation/Datasets/KITTI/training/image_2/000155_10.png,/home/hrusikesh-nishank/miniconda3/envs/Segmentation/Datasets/KITTI/training/semantic/000155_10.png,443817,9063,452880,0.9799880763116057,127549,1,42176,1,20915,1,8849,1,0,0,13781,1,7912,1,6994,1,132506,1,4833,1,34587,1,0,0,1225,1,39344,1,427,1,0,0,0,0,2161,1,558,1
000156_10.png,/home/hrusikesh-nishank/miniconda3/envs/Segmentation/Datasets/KITTI/training/image_2/000156_10.png,/home/hrusikesh-nishank/miniconda3/envs/Segmentation/Datasets/KITTI/training/semantic/000156_10.png,446047,6833,452880,0.9849121180003533,129381,1,37721,1,80027,1,0,0,8119,1,4165,1,0,0,901,1,123393,1,14543,1,22471,1,3883,1,0,0,19226,1,0,0,0,0,0,0,0,0,2217,1
000157_10.png,/home/hrusikesh-nishank/miniconda3/envs/Segmentation/Datasets/KITTI/training/image_2/000157_10.png,/home/hrusikesh-nishank/miniconda3/envs/Segmentation/Datasets/KITTI/training/semantic/000157_10.png,453969,9043,463012,0.9804691887035325,99495,1,12415,1,0,0,0,0,0,0,852,1,0,0,409,1,237568,1,84599,1,12158,1,0,0,0,0,6473,1,0,0,0,0,0,0,0,0,0,0
000158_10.png,/home/hrusikesh-nishank/miniconda3/envs/Segmentation/Datasets/KITTI/training/image_2/000158_10.png,/home/hrusikesh-nishank/miniconda3/envs/Segmentation/Datasets/KITTI/training/semantic/000158_10.png,463012,0,463012,1.0,97925,1,13787,1,0,0,0,0,0,0,3105,1,0,0,5859,1,223043,1,89663,1,17552,1,0,0,0,0,12078,1,0,0,0,0,0,0,0,0,0,0
000159_10.png,/home/hrusikesh-nishank/miniconda3/envs/Segmentation/Datasets/KITTI/training/image_2/000159_10.png,/home/hrusikesh-nishank/miniconda3/envs/Segmentation/Datasets/KITTI/training/semantic/000159_10.png,463012,0,463012,1.0,94457,1,13019,1,0,0,0,0,0,0,500,1,0,0,395,1,230243,1,89074,1,18493,1,0,0,0,0,16831,1,0,0,0,0,0,0,0,0,0,0
000160_10.png,/home/hrusikesh-nishank/miniconda3/envs/Segmentation/Datasets/KITTI/training/image_2/000160_10.png,/home/hrusikesh-nishank/miniconda3/envs/Segmentation/Datasets/KITTI/training/semantic/000160_10.png,462800,212,463012,0.9995421284977495,89685,1,11441,1,0,0,0,0,0,0,1606,1,0,0,459,1,233806,1,94299,1,19210,1,0,0,0,0,12294,1,0,0,0,0,0,0,0,0,0,0
000161_10.png,/home/hrusikesh-nishank/miniconda3/envs/Segmentation/Datasets/KITTI/training/image_2/000161_10.png,/home/hrusikesh-nishank/miniconda3/envs/Segmentation/Datasets/KITTI/training/semantic/000161_10.png,462091,921,463012,0.9980108506906948,47172,1,15648,1,0,0,0,0,0,0,1209,1,0,0,11298,1,219915,1,63714,1,22334,1,0,0,0,0,80801,1,0,0,0,0,0,0,0,0,0,0
000162_10.png,/home/hrusikesh-nishank/miniconda3/envs/Segmentation/Datasets/KITTI/training/image_2/000162_10.png,/home/hrusikesh-nishank/miniconda3/envs/Segmentation/Datasets/KITTI/training/semantic/000162_10.png,462585,427,463012,0.999077777681788,85880,1,14423,1,0,0,0,0,0,0,3821,1,0,0,3039,1,215805,1,95434,1,24296,1,0,0,0,0,19887,1,0,0,0,0,0,0,0,0,0,0
000163_10.png,/home/hrusikesh-nishank/miniconda3/envs/Segmentation/Datasets/KITTI/training/image_2/000163_10.png,/home/hrusikesh-nishank/miniconda3/envs/Segmentation/Datasets/KITTI/training/semantic/000163_10.png,462746,266,463012,0.9994255008509498,67683,1,17005,1,0,0,0,0,0,0,3974,1,0,0,15493,1,193115,1,84579,1,27112,1,0,0,0,0,53785,1,0,0,0,0,0,0,0,0,0,0
000164_10.png,/home/hrusikesh-nishank/miniconda3/envs/Segmentation/Datasets/KITTI/training/image_2/000164_10.png,/home/hrusikesh-nishank/miniconda3/envs/Segmentation/Datasets/KITTI/training/semantic/000164_10.png,462781,231,463012,0.9995010928442459,73038,1,11456,1,0,0,0,0,365,1,3745,1,0,0,56772,1,175154,1,73031,1,28454,1,63,1,0,0,40703,1,0,0,0,0,0,0,0,0,0,0
000165_10.png,/home/hrusikesh-nishank/miniconda3/envs/Segmentation/Datasets/KITTI/training/image_2/000165_10.png,/home/hrusikesh-nishank/miniconda3/envs/Segmentation/Datasets/KITTI/training/semantic/000165_10.png,438641,24371,463012,0.9473642151823279,43612,1,8336,1,292121,1,0,0,0,0,4361,1,0,0,0,0,0,0,0,0,12259,1,0,0,0,0,77742,1,0,0,0,0,0,0,0,0,210,1
000166_10.png,/home/hrusikesh-nishank/miniconda3/envs/Segmentation/Datasets/KITTI/training/image_2/000166_10.png,/home/hrusikesh-nishank/miniconda3/envs/Segmentation/Datasets/KITTI/training/semantic/000166_10.png,460677,2335,463012,0.9949569341615336,77189,1,47184,1,250080,1,0,0,4501,1,3103,1,160,1,2031,1,34523,1,17351,1,11644,1,0,0,0,0,7538,1,4645,1,0,0,0,0,0,0,728,1
000167_10.png,/home/hrusikesh-nishank/miniconda3/envs/Segmentation/Datasets/KITTI/training/image_2/000167_10.png,/home/hrusikesh-nishank/miniconda3/envs/Segmentation/Datasets/KITTI/training/semantic/000167_10.png,456154,6858,463012,0.9851882888564443,113458,1,25299,1,128210,1,0,0,0,0,5745,1,0,0,1437,1,116995,1,3649,1,12540,1,6982,1,359,1,41413,1,0,0,0,0,0,0,46,1,21,1
000168_10.png,/home/hrusikesh-nishank/miniconda3/envs/Segmentation/Datasets/KITTI/training/image_2/000168_10.png,/home/hrusikesh-nishank/miniconda3/envs/Segmentation/Datasets/KITTI/training/semantic/000168_10.png,424541,38471,463012,0.9169114407401968,47611,1,58686,1,246905,1,0,0,0,0,2666,1,0,0,203,1,36826,1,0,0,8459,1,14023,1,0,0,8444,1,0,0,0,0,0,0,0,0,718,1
000169_10.png,/home/hrusikesh-nishank/miniconda3/envs/Segmentation/Datasets/KITTI/training/image_2/000169_10.png,/home/hrusikesh-nishank/miniconda3/envs/Segmentation/Datasets/KITTI/training/semantic/000169_10.png,433684,29328,463012,0.9366582291603673,45622,1,75873,1,198304,1,0,0,16969,1,1741,1,324,1,10433,1,0,0,0,0,1028,1,18812,1,0,0,32747,1,0,0,0,0,31831,1,0,0,0,0
000170_10.png,/home/hrusikesh-nishank/miniconda3/envs/Segmentation/Datasets/KITTI/training/image_2/000170_10.png,/home/hrusikesh-nishank/miniconda3/envs/Segmentation/Datasets/KITTI/training/semantic/000170_10.png,445119,21497,466616,0.953929998114081,165028,1,10515,1,138144,1,0,0,22647,1,8226,1,2090,1,108,1,36924,1,15252,1,20869,1,0,0,0,0,25316,1,0,0,0,0,0,0,0,0,0,0
000171_10.png,/home/hrusikesh-nishank/miniconda3/envs/Segmentation/Datasets/KITTI/training/image_2/000171_10.png,/home/hrusikesh-nishank/miniconda3/envs/Segmentation/Datasets/KITTI/training/semantic/000171_10.png,451464,15152,466616,0.9675279030294718,181423,1,9923,1,148978,1,2722,1,11439,1,10068,1,348,1,443,1,37546,1,0,0,28272,1,40,1,0,0,20002,1,0,0,0,0,0,0,0,0,260,1
000172_10.png,/home/hrusikesh-nishank/miniconda3/envs/Segmentation/Datasets/KITTI/training/image_2/000172_10.png,/home/hrusikesh-nishank/miniconda3/envs/Segmentation/Datasets/KITTI/training/semantic/000172_10.png,463210,3406,466616,0.9927006360690589,96576,1,56657,1,118479,1,24738,1,0,0,1895,1,25,1,0,0,139580,1,8162,1,4781,1,0,0,0,0,12317,1,0,0,0,0,0,0,0,0,0,0
000173_10.png,/home/hrusikesh-nishank/miniconda3/envs/Segmentation/Datasets/KITTI/training/image_2/000173_10.png,/home/hrusikesh-nishank/miniconda3/envs/Segmentation/Datasets/KITTI/training/semantic/000173_10.png,452540,14076,466616,0.969833867677062,87712,1,65325,1,114675,1,17800,1,0,0,11520,1,69,1,320,1,113476,1,5223,1,4892,1,0,0,0,0,30274,1,0,0,0,0,0,0,0,0,1254,1
000174_10.png,/home/hrusikesh-nishank/miniconda3/envs/Segmentation/Datasets/KITTI/training/image_2/000174_10.png,/home/hrusikesh-nishank/miniconda3/envs/Segmentation/Datasets/KITTI/training/semantic/000174_10.png,434605,32011,466616,0.9313975517341883,81430,1,22067,1,0,0,0,0,6075,1,720,1,0,0,0,0,261521,1,29439,1,21455,1,0,0,0,0,11898,1,0,0,0,0,0,0,0,0,0,0
000175_10.png,/home/hrusikesh-nishank/miniconda3/envs/Segmentation/Datasets/KITTI/training/image_2/000175_10.png,/home/hrusikesh-nishank/miniconda3/envs/Segmentation/Datasets/KITTI/training/semantic/000175_10.png,441181,25435,466616,0.9454905103982718,76762,1,21809,1,667,1,0,0,7713,1,2688,1,0,0,0,0,232879,1,14684,1,29769,1,136,1,0,0,54074,1,0,0,0,0,0,0,0,0,0,0
000176_10.png,/home/hrusikesh-nishank/miniconda3/envs/Segmentation/Datasets/KITTI/training/image_2/000176_10.png,/home/hrusikesh-nishank/miniconda3/envs/Segmentation/Datasets/KITTI/training/semantic/000176_10.png,393602,73014,466616,0.8435244397963207,88092,1,18849,1,0,0,0,0,46876,1,2074,1,45,1,0,0,153943,1,0,0,76511,1,0,0,187,1,6964,1,0,0,0,0,0,0,0,0,61,1
000177_10.png,/home/hrusikesh-nishank/miniconda3/envs/Segmentation/Datasets/KITTI/training/image_2/000177_10.png,/home/hrusikesh-nishank/miniconda3/envs/Segmentation/Datasets/KITTI/training/semantic/000177_10.png,434009,32607,466616,0.9301202702007647,110424,1,9090,1,0,0,0,0,6598,1,5994,1,779,1,1853,1,186821,1,38643,1,58650,1,0,0,0,0,15157,1,0,0,0,0,0,0,0,0,0,0
000178_10.png,/home/hrusikesh-nishank/miniconda3/envs/Segmentation/Datasets/KITTI/training/image_2/000178_10.png,/home/hrusikesh-nishank/miniconda3/envs/Segmentation/Datasets/KITTI/training/semantic/000178_10.png,439169,27447,466616,0.9411786136780564,113179,1,12133,1,0,0,0,0,6006,1,7857,1,1789,1,2931,1,213160,1,19650,1,50564,1,0,0,0,0,11900,1,0,0,0,0,0,0,0,0,0,0
000179_10.png,/home/hrusikesh-nishank/miniconda3/envs/Segmentation/Datasets/KITTI/training/image_2/000179_10.png,/home/hrusikesh-nishank/miniconda3/envs/Segmentation/Datasets/KITTI/training/semantic/000179_10.png,434080,32536,466616,0.9302724295780684,100736,1,0,0,0,0,0,0,0,0,6360,1,0,0,7020,1,212178,1,57245,1,43082,1,0,0,0,0,7459,1,0,0,0,0,0,0,0,0,0,0
000180_10.png,/home/hrusikesh-nishank/miniconda3/envs/Segmentation/Datasets/KITTI/training/image_2/000180_10.png,/home/hrusikesh-nishank/miniconda3/envs/Segmentation/Datasets/KITTI/training/semantic/000180_10.png,457484,9132,466616,0.9804293037529789,88633,1,4054,1,0,0,0,0,257,1,1695,1,0,0,0,0,130384,1,126883,1,98966,1,0,0,0,0,6612,1,0,0,0,0,0,0,0,0,0,0
000181_10.png,/home/hrusikesh-nishank/miniconda3/envs/Segmentation/Datasets/KITTI/training/image_2/000181_10.png,/home/hrusikesh-nishank/miniconda3/envs/Segmentation/Datasets/KITTI/training/semantic/000181_10.png,457367,9249,466616,0.9801785622439008,85865,1,3097,1,0,0,0,0,4796,1,1000,1,0,0,0,0,121798,1,116864,1,117471,1,0,0,0,0,6476,1,0,0,0,0,0,0,0,0,0,0
000182_10.png,/home/hrusikesh-nishank/miniconda3/envs/Segmentation/Datasets/KITTI/training/image_2/000182_10.png,/home/hrusikesh-nishank/miniconda3/envs/Segmentation/Datasets/KITTI/training/semantic/000182_10.png,458293,8323,466616,0.9821630634183139,86220,1,2980,1,430,1,0,0,3462,1,3835,1,0,0,0,0,148580,1,111939,1,88270,1,0,0,0,0,12487,1,90,1,0,0,0,0,0,0,0,0
000183_10.png,/home/hrusikesh-nishank/miniconda3/envs/Segmentation/Datasets/KITTI/training/image_2/000183_10.png,/home/hrusikesh-nishank/miniconda3/envs/Segmentation/Datasets/KITTI/training/semantic/000183_10.png,465694,922,466616,0.9980240711848715,93192,1,2180,1,0,0,0,0,0,0,2572,1,0,0,0,0,212641,1,96828,1,53249,1,505,1,0,0,4527,1,0,0,0,0,0,0,0,0,0,0
000184_10.png,/home/hrusikesh-nishank/miniconda3/envs/Segmentation/Datasets/KITTI/training/image_2/000184_10.png,/home/hrusikesh-nishank/miniconda3/envs/Segmentation/Datasets/KITTI/training/semantic/000184_10.png,466442,174,466616,0.9996271023711146,89796,1,0,0,1511,1,0,0,0,0,243,1,0,0,0,0,154664,1,101413,1,109457,1,0,0,0,0,9358,1,0,0,0,0,0,0,0,0,0,0
000185_10.png,/home/hrusikesh-nishank/miniconda3/envs/Segmentation/Datasets/KITTI/training/image_2/000185_10.png,/home/hrusikesh-nishank/miniconda3/envs/Segmentation/Datasets/KITTI/training/semantic/000185_10.png,464506,2110,466616,0.995478080477309,109610,1,0,0,3860,1,0,0,0,0,1609,1,135,1,2515,1,129823,1,113251,1,97487,1,0,0,0,0,6216,1,0,0,0,0,0,0,0,0,0,0
000186_10.png,/home/hrusikesh-nishank/miniconda3/envs/Segmentation/Datasets/KITTI/training/image_2/000186_10.png,/home/hrusikesh-nishank/miniconda3/envs/Segmentation/Datasets/KITTI/training/semantic/000186_10.png,448974,17642,466616,0.9621916093747321,109330,1,55243,1,77765,1,0,0,0,0,9824,1,17433,1,0,0,113470,1,6838,1,29634,1,0,0,1373,1,25418,1,1927,1,0,0,0,0,0,0,719,1
000187_10.png,/home/hrusikesh-nishank/miniconda3/envs/Segmentation/Datasets/KITTI/training/image_2/000187_10.png,/home/hrusikesh-nishank/miniconda3/envs/Segmentation/Datasets/KITTI/training/semantic/000187_10.png,460315,6301,466616,0.9864963910367411,110538,1,11350,1,104413,1,0,0,5462,1,8756,1,202,1,1710,1,91607,1,84345,1,28303,1,0,0,0,0,12829,1,0,0,800,1,0,0,0,0,0,0
000188_10.png,/home/hrusikesh-nishank/miniconda3/envs/Segmentation/Datasets/KITTI/training/image_2/000188_10.png,/home/hrusikesh-nishank/miniconda3/envs/Segmentation/Datasets/KITTI/training/semantic/000188_10.png,427263,39353,466616,0.9156629862670804,152485,1,0,0,0,0,0,0,6370,1,825,1,0,0,630,1,198862,1,892,1,37921,1,0,0,0,0,29278,1,0,0,0,0,0,0,0,0,0,0
000189_10.png,/home/hrusikesh-nishank/miniconda3/envs/Segmentation/Datasets/KITTI/training/image_2/000189_10.png,/home/hrusikesh-nishank/miniconda3/envs/Segmentation/Datasets/KITTI/training/semantic/000189_10.png,442911,23705,466616,0.9491980557889143,134239,1,0,0,0,0,0,0,7672,1,4106,1,0,0,1822,1,218113,1,19221,1,12314,1,0,0,0,0,45424,1,0,0,0,0,0,0,0,0,0,0
000190_10.png,/home/hrusikesh-nishank/miniconda3/envs/Segmentation/Datasets/KITTI/training/image_2/000190_10.png,/home/hrusikesh-nishank/miniconda3/envs/Segmentation/Datasets/KITTI/training/semantic/000190_10.png,444996,21620,466616,0.9536663980660758,150927,1,1127,1,0,0,8735,1,7532,1,10510,1,0,0,0,0,202425,1,25566,1,17983,1,0,0,0,0,20191,1,0,0,0,0,0,0,0,0,0,0
000191_10.png,/home/hrusikesh-nishank/miniconda3/envs/Segmentation/Datasets/KITTI/training/image_2/000191_10.png,/home/hrusikesh-nishank/miniconda3/envs/Segmentation/Datasets/KITTI/training/semantic/000191_10.png,415811,50805,466616,0.8911203216349204,149868,1,0,0,0,0,21746,1,18992,1,0,0,0,0,214,1,198140,1,0,0,22246,1,0,0,0,0,4605,1,0,0,0,0,0,0,0,0,0,0
000192_10.png,/home/hrusikesh-nishank/miniconda3/envs/Segmentation/Datasets/KITTI/training/image_2/000192_10.png,/home/hrusikesh-nishank/miniconda3/envs/Segmentation/Datasets/KITTI/training/semantic/000192_10.png,417604,49012,466616,0.8949628816842972,141259,1,0,0,0,0,24058,1,24695,1,138,1,0,0,881,1,188226,1,0,0,26944,1,0,0,0,0,11403,1,0,0,0,0,0,0,0,0,0,0
000193_10.png,/home/hrusikesh-nishank/miniconda3/envs/Segmentation/Datasets/KITTI/training/image_2/000193_10.png,/home/hrusikesh-nishank/miniconda3/envs/Segmentation/Datasets/KITTI/training/semantic/000193_10.png,422754,43862,466616,0.9059997942633772,103073,1,0,0,0,0,18406,1,17831,1,0,0,0,0,0,0,179297,1,9063,1,38656,1,132,1,0,0,56199,1,97,1,0,0,0,0,0,0,0,0
000194_10.png,/home/hrusikesh-nishank/miniconda3/envs/Segmentation/Datasets/KITTI/training/image_2/000194_10.png,/home/hrusikesh-nishank/miniconda3/envs/Segmentation/Datasets/KITTI/training/semantic/000194_10.png,450178,16438,466616,0.9647718895194335,121359,1,0,0,0,0,28308,1,4049,1,0,0,0,0,0,0,207791,1,16337,1,29277,1,0,0,0,0,42895,1,162,1,0,0,0,0,0,0,0,0
000195_10.png,/home/hrusikesh-nishank/miniconda3/envs/Segmentation/Datasets/KITTI/training/image_2/000195_10.png,/home/hrusikesh-nishank/miniconda3/envs/Segmentation/Datasets/KITTI/training/semantic/000195_10.png,445188,21428,466616,0.9540778713117424,135513,1,2406,1,0,0,28806,1,5104,1,774,1,0,0,579,1,195641,1,15913,1,34889,1,0,0,0,0,25199,1,311,1,53,1,0,0,0,0,0,0
000196_10.png,/home/hrusikesh-nishank/miniconda3/envs/Segmentation/Datasets/KITTI/training/image_2/000196_10.png,/home/hrusikesh-nishank/miniconda3/envs/Segmentation/Datasets/KITTI/training/semantic/000196_10.png,435448,31168,466616,0.9332041764534436,127355,1,0,0,0,0,117768,1,15012,1,0,0,0,0,0,0,56003,1,7326,1,72302,1,0,0,0,0,27494,1,12188,1,0,0,0,0,0,0,0,0
000197_10.png,/home/hrusikesh-nishank/miniconda3/envs/Segmentation/Datasets/KITTI/training/image_2/000197_10.png,/home/hrusikesh-nishank/miniconda3/envs/Segmentation/Datasets/KITTI/training/semantic/000197_10.png,438953,27663,466616,0.9407157062766814,125804,1,0,0,0,0,106520,1,1188,1,914,1,0,0,917,1,104070,1,0,0,59011,1,131,1,0,0,40181,1,217,1,0,0,0,0,0,0,0,0
000198_10.png,/home/hrusikesh-nishank/miniconda3/envs/Segmentation/Datasets/KITTI/training/image_2/000198_10.png,/home/hrusikesh-nishank/miniconda3/envs/Segmentation/Datasets/KITTI/training/semantic/000198_10.png,443796,22820,466616,0.9510946902806591,141137,1,0,0,0,0,86181,1,4823,1,0,0,0,0,0,0,99873,1,15693,1,59634,1,1419,1,0,0,35036,1,0,0,0,0,0,0,0,0,0,0
000199_10.png,/home/hrusikesh-nishank/miniconda3/envs/Segmentation/Datasets/KITTI/training/image_2/000199_10.png,/home/hrusikesh-nishank/miniconda3/envs/Segmentation/Datasets/KITTI/training/semantic/000199_10.png,463954,2662,466616,0.9942950948960173,99722,1,0,0,0,0,0,0,0,0,705,1,0,0,983,1,212055,1,16967,1,93392,1,0,0,0,0,36632,1,119,1,3379,1,0,0,0,0,0,0
