frame_index,preprocess_ms,inference_ms,postprocess_ms,save_ms,total_ms,fps_equivalent
0,85.286,1362.554,10245.343,471.505,12164.795,0.0822
1,13.289,2242.152,10449.735,241.577,12946.791,0.07724
2,13.336,1331.215,3603.222,241.138,5188.948,0.19272
3,13.323,1445.832,3398.374,239.785,5097.352,0.19618
4,13.523,1416.471,3942.904,233.067,5606.007,0.17838
5,13.561,1629.993,3002.45,236.34,4882.384,0.20482
6,13.307,1544.365,2790.869,229.997,4578.575,0.21841
7,13.275,1409.055,2793.896,226.727,4442.988,0.22507
8,13.327,1539.271,3916.608,232.269,5701.509,0.17539
9,13.261,1438.555,3158.97,226.818,4837.639,0.20671
10,13.207,1409.092,3224.185,228.534,4876.672,0.20506
11,15.448,1421.704,2790.807,225.427,4453.42,0.22455
12,13.186,1584.109,2870.069,228.776,4697.838,0.21286
13,15.424,1351.564,2758.974,227.862,4353.86,0.22968
14,13.216,1309.486,2960.497,229.471,4512.705,0.2216
15,13.361,1345.724,2826.704,228.365,4414.191,0.22654
16,13.169,1351.595,3226.588,228.761,4821.783,0.20739
17,15.565,1374.501,2779.413,227.101,4396.618,0.22745
18,13.226,1392.104,2797.146,231.979,4436.13,0.22542
19,15.478,1321.311,2768.588,229.94,4335.354,0.23066
20,13.283,1562.016,2801.132,229.794,4606.26,0.2171
21,13.214,1494.448,3865.902,229.478,5603.085,0.17847
22,13.379,1422.886,2792.999,230.194,4459.496,0.22424
23,13.184,1349.974,2782.703,227.196,4373.095,0.22867
24,13.21,1340.469,2844.329,229.918,4427.965,0.22584
25,15.547,1482.957,2763.617,229.999,4492.158,0.22261
26,13.264,1397.645,2810.644,230.515,4452.105,0.22461
27,13.335,1674.908,3355.863,233.684,5277.825,0.18947
28,13.166,1367.88,2807.466,228.0,4416.548,0.22642
29,13.25,1431.214,3635.2,229.718,5309.418,0.18834
30,13.36,1467.001,2772.701,238.96,4492.058,0.22262
31,13.21,1409.592,2810.199,225.057,4458.092,0.22431
32,16.627,1568.092,2804.655,226.881,4616.289,0.21662
33,13.18,1367.643,2828.882,226.569,4436.311,0.22541
34,13.111,1525.336,3268.215,229.709,5036.419,0.19855
35,13.313,1400.472,2808.598,243.394,4465.812,0.22392
36,13.134,1395.417,3105.262,228.777,4742.625,0.21085
37,13.228,1343.452,2781.87,231.551,4370.135,0.22883
38,13.221,1581.915,2806.957,236.748,4638.876,0.21557
39,16.561,1377.989,2807.73,231.812,4434.132,0.22552
40,13.342,1432.153,2866.575,231.099,4543.205,0.22011
41,13.097,1340.524,3493.671,230.75,5078.076,0.19692
42,13.305,1378.355,2806.051,229.254,4427.0,0.22589
43,13.311,1552.717,2777.049,230.232,4573.347,0.21866
44,16.572,1374.569,3838.5,234.801,5464.477,0.183
45,13.243,1398.218,4296.886,229.838,5940.006,0.16835
46,15.592,1379.619,2788.256,227.518,4411.02,0.2267
47,13.251,1419.655,3732.523,232.028,5399.197,0.18521
48,15.468,1494.357,2784.011,228.463,4522.332,0.22112
49,13.269,1374.751,3125.919,232.284,4747.921,0.21062
50,15.526,1419.613,2782.488,232.019,4449.68,0.22474
51,13.206,1416.461,3239.029,232.917,4903.307,0.20394
52,15.399,1373.003,2785.589,231.872,4405.898,0.22697
53,13.441,1380.334,2817.424,233.65,4446.662,0.22489
54,15.439,1412.368,2785.732,233.063,4446.639,0.22489
55,13.186,1376.596,2816.36,234.508,4440.687,0.22519
56,13.136,1478.272,2791.724,231.425,4514.59,0.2215
57,13.566,1492.553,3514.22,231.9,5252.275,0.19039
58,13.477,1413.035,2813.505,229.744,4469.799,0.22372
59,13.291,1367.717,3478.626,229.27,5088.941,0.1965
60,13.144,1427.433,2806.751,245.483,4492.845,0.22258
61,13.249,1766.04,2821.818,228.086,4829.229,0.20707
62,13.158,1394.85,2782.207,224.428,4414.678,0.22652
63,13.251,1363.338,3541.733,232.319,5152.345,0.19409
64,15.45,1342.532,2764.592,228.402,4351.012,0.22983
65,13.159,1343.836,3095.679,235.402,4689.752,0.21323
66,15.543,1409.831,2780.701,231.932,4438.042,0.22532
67,13.183,1426.374,3420.389,231.943,5093.562,0.19633
68,15.445,1342.606,2783.671,230.466,4372.224,0.22872
69,13.189,1427.6,2807.392,234.645,4482.863,0.22307
70,13.383,1561.658,2776.389,243.686,4595.15,0.21762
71,13.165,1416.344,3165.7,236.136,4831.38,0.20698
72,13.426,1396.734,2775.429,236.392,4422.017,0.22614
73,13.295,1727.892,3387.402,235.36,5365.655,0.18637
74,15.509,1534.696,2787.314,235.867,4573.421,0.21865
75,13.295,1449.497,2805.799,238.116,4506.743,0.22189
76,13.407,1454.927,2775.085,242.118,4485.575,0.22294
77,13.246,1426.557,3512.231,242.733,5194.803,0.1925
78,13.429,1543.083,2772.809,241.268,4570.622,0.21879
79,13.233,1347.355,3059.336,237.53,4657.49,0.21471
80,13.191,1601.014,2787.704,236.825,4638.77,0.21557
81,13.219,1402.239,3018.448,238.956,4672.9,0.214
82,13.22,1694.507,2783.446,234.742,4725.951,0.2116
83,13.317,1349.362,2901.924,242.913,4507.552,0.22185
84,13.184,1406.735,2771.676,236.184,4427.814,0.22585
85,13.187,1334.643,3511.28,237.123,5097.936,0.19616
86,15.515,1338.24,2786.339,236.685,4376.815,0.22848
87,13.511,1485.455,3091.396,235.178,4827.301,0.20716
88,15.639,1444.591,2790.805,234.178,4485.249,0.22295
89,13.215,1339.762,3307.854,234.437,4895.303,0.20428
90,13.183,1658.081,2788.71,239.994,4700.004,0.21277
91,13.252,1435.492,3070.696,238.868,4758.345,0.21016
92,13.268,1592.17,2785.731,230.246,4621.449,0.21638
93,13.19,1389.688,3553.039,230.253,5187.86,0.19276
94,15.458,1366.766,2793.413,225.461,4401.135,0.22721
95,13.169,1494.592,3037.491,228.551,4773.841,0.20947
96,13.379,1457.192,2781.807,231.03,4483.445,0.22304
97,13.247,1625.996,2950.282,229.217,4818.78,0.20752
98,13.248,1364.746,2973.745,228.572,4580.352,0.21832
99,13.536,1400.414,2798.184,229.154,4441.322,0.22516
100,13.67,1626.049,2830.595,228.677,4699.028,0.21281
101,16.631,1475.561,2834.218,230.558,4557.006,0.21944
102,13.62,1371.578,3599.937,230.169,5216.9,0.19168
103,15.564,1402.333,2802.947,230.922,4451.802,0.22463
104,13.207,1611.88,2823.206,231.056,4679.383,0.2137
105,13.191,1364.743,3741.547,230.171,5349.687,0.18693
106,13.179,1389.939,2964.031,232.791,4599.975,0.21739
107,13.257,1316.738,2832.603,233.524,4396.158,0.22747
108,13.184,1471.309,2831.27,234.47,4550.27,0.21977
109,15.542,1452.562,2805.636,237.652,4511.429,0.22166
110,13.381,1706.465,2819.24,231.927,4771.049,0.2096
111,13.191,1400.371,2781.139,235.364,4430.101,0.22573
112,13.19,1427.691,2942.667,236.049,4619.634,0.21647
113,13.185,1547.848,2786.903,235.812,4583.783,0.21816
114,13.165,1403.812,2858.833,235.794,4513.308,0.22157
115,15.526,1437.001,2802.023,235.798,4490.384,0.2227
116,13.196,1541.824,2812.826,233.505,4601.386,0.21733
117,13.191,1426.798,3387.899,236.113,5064.038,0.19747
118,13.212,1345.872,2787.727,238.176,4385.024,0.22805
119,13.153,1397.005,2814.211,241.758,4466.163,0.22391
120,16.576,1386.806,2817.453,249.447,4470.319,0.2237
121,13.244,1698.497,3031.793,241.196,4986.49,0.20054
122,15.577,1393.003,2771.809,242.502,4422.926,0.22609
123,13.218,1413.424,2809.68,240.797,4477.156,0.22336
124,13.206,1595.981,2774.804,242.777,4626.804,0.21613
125,13.271,1405.516,3298.048,245.196,4962.067,0.20153
126,13.357,1403.73,2772.3,251.186,4440.607,0.22519
127,13.181,1430.299,2951.825,244.012,4639.354,0.21555
128,13.407,1455.594,2777.801,245.696,4492.534,0.22259
129,13.237,1419.479,4034.39,246.226,5713.368,0.17503
130,13.384,1501.87,2773.801,247.968,4537.056,0.22041
131,13.147,1340.361,2812.129,245.938,4411.611,0.22667
132,13.14,1429.213,3449.596,248.979,5140.963,0.19452
133,13.253,1474.294,2776.237,248.422,4512.242,0.22162
134,13.18,2047.024,2815.374,250.629,5126.242,0.19507
135,16.537,1377.571,2819.234,248.207,4461.587,0.22414
136,13.328,1368.918,3811.373,246.558,5440.212,0.18382
137,13.058,1333.771,2808.646,245.427,4400.939,0.22722
138,13.069,1391.715,2812.476,244.427,4461.723,0.22413
139,13.201,1557.208,3404.396,247.243,5222.083,0.19149
140,16.667,1500.153,2806.392,245.496,4568.746,0.21888
141,13.133,1417.296,2812.615,243.11,4487.958,0.22282
142,15.51,1368.284,2792.029,245.314,4421.172,0.22618
143,13.183,1408.037,3220.343,242.972,4884.572,0.20473
144,13.103,1580.59,2778.503,242.32,4614.552,0.21671
145,13.072,1358.31,3652.348,243.729,5267.496,0.18984
146,13.122,1418.865,2778.462,242.063,4452.547,0.22459
147,13.107,1442.737,3033.56,240.537,4729.978,0.21142
148,13.389,1596.331,2812.705,241.589,4664.049,0.21441
149,13.074,1357.146,3514.232,233.539,5118.028,0.19539
150,13.049,1344.018,2776.459,234.963,4368.525,0.22891
151,13.059,1577.39,3201.728,228.704,5020.918,0.19917
152,13.01,1382.949,2782.322,225.821,4404.136,0.22706
153,13.004,1412.99,3165.729,226.408,4818.167,0.20755
154,13.012,1391.818,2774.528,227.006,4406.4,0.22694
155,13.183,1400.066,2812.165,218.97,4444.421,0.225
156,13.053,1402.001,2781.74,220.075,4416.904,0.2264
157,13.103,1346.104,2817.326,220.398,4396.968,0.22743
158,13.132,1462.163,2781.824,218.019,4475.173,0.22346
159,13.09,1308.756,3725.714,219.771,5269.068,0.18979
160,15.468,1429.728,2787.538,217.986,4450.756,0.22468
161,13.151,1732.676,3131.336,232.362,5111.246,0.19565
162,15.621,1464.395,2782.119,219.768,4481.938,0.22312
163,13.191,1428.651,2804.337,217.997,4465.905,0.22392
164,15.516,1584.785,2793.305,225.563,4619.204,0.21649
165,13.153,1353.512,2933.597,223.931,4525.931,0.22095
166,15.516,1473.231,2798.565,223.197,4510.545,0.2217
167,13.193,1362.535,3434.911,223.91,5036.208,0.19856
168,15.536,1488.183,2798.868,222.233,4524.854,0.221
169,13.289,1398.599,2822.816,226.142,4460.883,0.22417
170,13.204,1378.497,2783.227,224.068,4399.031,0.22732
171,13.44,1331.956,2824.545,223.589,4393.566,0.22761
172,13.227,1403.606,3498.607,221.74,5137.216,0.19466
173,13.124,1603.826,2787.046,220.942,4624.974,0.21622
174,13.201,1355.016,2818.219,229.057,4415.528,0.22647
175,16.58,1566.008,2791.768,222.963,4597.357,0.21752
176,13.197,1418.989,3451.158,225.334,5110.263,0.19568
177,15.697,1389.119,2777.837,228.235,4410.925,0.22671
178,13.217,1368.61,3381.362,226.371,4991.274,0.20035
179,15.551,1395.42,2771.134,225.412,4407.554,0.22688
180,13.261,1560.259,2799.961,235.139,4610.362,0.2169
181,15.415,1332.855,2785.319,221.613,4355.238,0.22961
182,13.254,1360.153,2867.391,222.407,4464.919,0.22397
183,15.481,1505.543,2781.908,221.676,4524.645,0.22101
184,13.21,1424.107,3165.349,221.627,4825.989,0.20721
185,15.425,1411.419,2778.703,223.659,4429.24,0.22577
186,13.248,1333.455,3253.832,223.201,4825.483,0.20723
187,15.388,1541.79,2785.38,225.301,4567.896,0.21892
188,13.267,1409.753,2814.491,223.868,4463.08,0.22406
189,15.418,1522.822,2783.857,222.652,4544.784,0.22003
190,13.356,1394.691,3443.999,223.453,5077.251,0.19696
191,15.427,1408.932,2784.49,222.136,4431.022,0.22568
192,13.287,1395.342,2800.796,228.965,4440.079,0.22522
193,15.409,1360.541,2762.426,221.922,4360.334,0.22934
194,13.213,1349.487,3172.694,224.573,4761.702,0.21001
195,15.455,1345.302,2767.758,224.086,4352.636,0.22975
196,13.165,1337.734,3479.645,223.921,5056.159,0.19778
197,15.451,1496.059,2773.157,227.267,4511.969,0.22163
198,13.22,1397.931,2795.476,228.587,4436.877,0.22538
199,15.525,1675.564,2779.635,227.931,4698.693,0.21283
200,13.222,1349.918,3453.716,232.371,5050.952,0.19798
201,15.466,1478.929,2786.832,229.934,4511.198,0.22167
202,13.167,1333.252,2812.402,227.413,4386.269,0.22798
203,13.186,1398.725,2775.424,226.804,4414.173,0.22654
204,13.787,1355.331,2808.76,231.401,4409.313,0.22679
205,13.215,1329.602,2769.728,224.759,4337.338,0.23056
206,13.266,1428.525,3062.791,228.185,4734.455,0.21122
207,15.367,1413.642,2780.295,228.018,4437.357,0.22536
208,13.25,1397.152,2807.062,225.644,4443.143,0.22507
209,13.158,1326.087,2781.034,226.04,4346.353,0.23008
210,13.182,1300.13,2809.465,238.176,4360.988,0.22931
211,13.193,1425.927,2770.41,222.113,4431.679,0.22565
212,13.162,1420.334,3157.704,224.194,4817.084,0.20759
213,15.533,1394.12,2754.879,226.475,4391.043,0.22774
214,13.224,1338.598,3678.589,225.949,5258.052,0.19018
215,15.446,1432.182,2765.572,226.395,4439.631,0.22524
216,13.317,1418.4,2790.784,224.004,4446.543,0.22489
217,13.303,1416.498,2794.467,226.966,4451.27,0.22465
218,13.24,1354.957,2768.951,225.63,4362.813,0.22921
219,13.245,1343.321,2811.494,229.36,4397.456,0.2274
220,16.659,1756.64,2804.393,225.325,4803.051,0.2082
221,13.355,1412.641,2809.318,227.418,4464.526,0.22399
222,15.443,1401.762,2790.345,227.893,4435.48,0.22545
223,13.217,1418.559,3498.541,226.779,5157.132,0.19391
224,13.194,1294.884,3407.274,226.086,4941.472,0.20237
225,13.195,1357.398,2777.008,223.811,4371.449,0.22876
226,13.235,1379.814,2811.56,229.676,4434.318,0.22551
227,16.673,1434.991,2809.515,227.407,4488.624,0.22279
228,13.196,1346.497,3203.171,226.005,4790.401,0.20875
229,15.51,1583.071,2784.063,226.574,4609.254,0.21695
230,13.224,1638.236,2810.725,224.458,4688.328,0.2133
231,15.483,1627.575,2792.955,227.142,4663.22,0.21444
232,13.182,1658.417,3387.773,226.457,5287.508,0.18912
233,15.406,1404.403,2785.36,226.841,4432.046,0.22563
234,13.245,1464.808,2805.192,230.463,4513.744,0.22155
235,13.3,1408.541,2777.972,231.623,4431.472,0.22566
236,13.255,1331.818,3419.83,230.939,4995.878,0.20017
237,13.259,1425.065,2769.534,230.931,4438.824,0.22528
238,13.316,1393.914,2795.566,231.31,4434.141,0.22552
239,13.416,1322.669,2763.595,233.507,4333.222,0.23078
240,13.235,1417.071,3461.459,241.972,5133.774,0.19479
241,13.453,1391.564,2766.662,222.777,4394.49,0.22756
242,13.28,1362.099,2804.04,226.975,4406.43,0.22694
243,13.402,1375.207,3234.747,224.92,4848.311,0.20626
244,13.236,1462.708,2996.673,231.631,4705.996,0.21249
245,15.796,1412.878,2778.016,225.49,4432.216,0.22562
246,13.266,1425.799,3297.931,225.004,4963.681,0.20146
247,15.481,1439.988,2782.526,226.176,4464.206,0.224
