epoch,phase,train_total_loss,train_main_loss,train_aux_loss,train_miou,train_macc,train_aacc,val_total_loss,val_miou,val_macc,val_aacc,learning_rate,epoch_time_sec,total_training_time_str,train_Precision_Macro,train_Recall_Macro,train_F1_Macro,train_Precision_Micro,train_Recall_Micro,train_F1_Micro,val_Precision_Macro,val_Recall_Macro,val_F1_Macro,val_Precision_Micro,val_Recall_Micro,val_F1_Micro
1,train/val,1.0442759716964287,0.6498729469983474,0.9860075505693322,34.58251830063817,43.382443185828976,68.35123036786293,0.2504859084635973,49.603742260038516,57.05560384972279,84.62270038886477,0.09924968654093967,108.64950180053711,0:01:48,43.68266880054898,43.382443185828976,43.063319139022894,81.20074943142286,81.20074943142286,81.20074943142286,63.638151763953324,57.05560384972279,57.470439488876515,91.6709594330781,91.6709594330781,91.6709594330781
2,train/val,0.5224387985856637,0.3483481559416522,0.4352266003742166,48.307034101869206,56.430599442112786,79.79130068559198,0.22553905121982099,52.4747016688356,60.090699795080724,86.11924851522045,0.0984987422935722,105.54852890968323,0:03:34,68.10369092717065,56.430599442112786,57.68986519469621,88.75991261126268,88.75991261126268,88.75991261126268,70.78982104213122,60.090699795080724,61.24164987142685,92.54201185771261,92.54201185771261,92.54201185771261
3,train/val,0.41791625904000324,0.28307865616743977,0.33709399936639745,54.071719652890835,61.410664711114606,83.37757299463262,0.21765097931027413,55.81515677851622,64.72546907245996,86.3332378243502,0.09774716137503496,106.39747476577759,0:05:20,70.796178353463,61.410664711114606,63.28915282366353,90.93540898490683,90.93540898490683,90.93540898490683,70.30576434803874,64.72546907245996,65.24620519320933,92.66541904427541,92.66541904427541,92.66541904427541
4,train/val,0.3441119729338781,0.23290197223262943,0.2780249973192163,57.501302589181066,64.96664944633125,85.44875541358327,0.1999368966370821,55.32755397922365,61.23892862575704,87.3949518928791,0.09699493779682662,105.94966650009155,0:07:06,73.2140898730314,64.96664944633125,66.64932186124575,92.15349568997382,92.15349568997382,92.15349568997382,75.43206035333526,61.23892862575704,64.15581809328455,93.2735391322994,93.2735391322994,93.2735391322994
5,train/val,0.3179629462892595,0.21511342915017967,0.2571237869155796,58.99775840167446,65.7228412668569,86.52414451992036,0.17132506616413593,60.56141193718747,67.3106670649319,88.89898889423861,0.09624206546198262,106.94825673103333,0:08:53,73.85948661770118,65.7228412668569,68.06708731664509,92.77527554689283,92.77527554689283,92.77527554689283,76.99317709357175,67.3106670649319,69.4784852590628,94.12330835080506,94.12330835080506,94.12330835080506
6,train/val,0.3050848759872758,0.20664013031384218,0.24611185976992483,61.58930165825095,68.76384079680348,86.97823148182326,0.16589990846812724,60.984903352533905,68.78629751657382,89.06371153452649,0.09548853816214997,105.99990940093994,0:10:39,75.36770141953443,68.76384079680348,70.84325912071118,93.03567671221522,93.03567671221522,93.03567671221522,74.37364299926462,68.78629751657382,70.25415538900482,94.21555391211267,94.21555391211267,94.21555391211267
7,train/val,0.3077891426889793,0.20876203926847034,0.24756775282161392,61.29147088421203,68.42678296008376,86.80468461770367,0.16046318605542184,61.07596482123707,66.26310531652591,89.51651212471998,0.09473434957455691,106.00299763679504,0:12:25,75.2550546119954,68.42678296008376,70.67787500298772,92.93630381416794,92.93630381416794,92.93630381416794,78.7937276523461,66.26310531652591,70.21464578179383,94.46829843070303,94.46829843070303,94.46829843070303
8,train/val,0.256214949828775,0.1758543663536725,0.20090145484098923,62.89250598723222,69.09317199689399,88.60542421297795,0.15109027609229086,62.72199772924426,70.70931102657038,89.73633182920643,0.09397949325887223,105.8573842048645,0:14:11,77.39075172487773,69.09317199689399,71.63486807484364,93.95851109024574,93.95851109024574,93.95851109024574,75.95044320599625,70.70931102657038,71.91681573048758,94.59056256024147,94.59056256024147,94.59056256024147
9,train/val,0.2495904836560721,0.16809166222810745,0.20374704954092918,64.37694962190513,71.15483942461978,89.0293040000888,0.13839996442198754,64.26243401750456,70.95164019122964,90.7469726706168,0.09322396265394996,106.22211194038391,0:15:57,77.01598894131698,71.15483942461978,73.07422909108297,94.19629879190263,94.19629879190263,94.19629879190263,77.69629561099268,70.95164019122964,72.89678285674977,95.1490567845806,95.1490567845806,95.1490567845806
10,train/val,0.2314341730316696,0.15517573580955682,0.19064608941097622,66.43994504936984,72.51251634779373,89.75409588846028,0.14881589993834496,64.21740529529339,71.32463903717104,90.20735287554724,0.09246775107445347,105.91146850585938,0:17:43,79.18845032811423,72.51251634779373,74.83517382454382,94.60043059225326,94.60043059225326,94.60043059225326,77.15440045343239,71.32463903717104,72.96315993945719,94.8515938125378,94.8515938125378,94.8515938125378
11,train/val,0.22740179190979057,0.1538805382164276,0.1838031287871949,66.22243504983489,72.36347057011105,89.58776563347722,0.13530775796622038,65.25954480439681,71.56346869563784,90.69555320330979,0.09171085170735381,105.89037823677063,0:19:29,78.72400110333987,72.36347057011105,74.71190344560839,94.50796082134733,94.50796082134733,94.50796082134733,79.17199605868215,71.56346869563784,73.72592330500353,95.12078460121705,95.12078460121705,95.12078460121705
12,train/val,0.2179325856268406,0.14577517990508806,0.18039351106499849,67.17982997585705,73.18207779817222,90.2460151507532,0.13241598278284072,65.74804875723456,71.77153222510377,90.9616874607455,0.09095325760829623,105.9974992275238,0:21:15,79.31304963691565,73.18207779817222,75.34174229880553,94.87296233694164,94.87296233694164,94.87296233694164,79.7247106865282,71.77153222510377,74.05593776745506,95.26694979530255,95.26694979530255,95.26694979530255
13,train/val,0.20352590286537356,0.13742549403611085,0.16525101908685072,68.27660384816106,74.09865519841804,90.62339125426668,0.12726250428706407,67.05683714093638,72.57943108916886,91.36011458715299,0.09019496169782865,106.02786326408386,0:23:01,80.13658771418432,74.09865519841804,76.33185688395928,95.08108176859253,95.08108176859253,95.08108176859253,80.1679608855276,72.57943108916886,75.46638198162391,95.48501241677921,95.48501241677921,95.48501241677921
14,train/val,0.21133587250243063,0.14348602098534288,0.16962462505730597,67.98583262837475,74.28593831380041,90.13011498232281,0.13236130848526956,65.8508540753392,71.8953293511222,90.8768952448765,0.08943595675748564,106.04925727844238,0:24:47,79.33013571745478,74.28593831380041,76.3092820092009,94.80887863629872,94.80887863629872,94.80887863629872,79.19596069116757,71.8953293511222,74.36815565863898,95.22042479608679,95.22042479608679,95.22042479608679
15,train/val,0.2243001709651688,0.1516305209218484,0.18167412303307134,68.29869256522501,74.20927088918936,89.93081959127821,0.12855157665908337,67.18374374736084,72.86786796678768,91.09650999782404,0.08867623542572073,105.95471620559692,0:26:33,79.94258321661957,74.20927088918936,76.3433811730613,94.69850104875546,94.69850104875546,94.69850104875546,79.96528993946686,72.86786796678768,75.56811874509181,95.34084112667607,95.34084112667607,95.34084112667607
16,train/val,0.19801703087337638,0.13222583369149463,0.16447799201325877,69.20063190331769,74.92293541546047,91.01169553738445,0.12704365801066161,66.68329698733444,71.82258080779629,91.29587740402123,0.08791579019367991,106.04056739807129,0:28:19,80.26621136027718,74.92293541546047,76.96485670713741,95.29436957390058,95.29436957390058,95.2943695739006,81.23225539828418,71.82258080779629,74.85934543990986,95.44991626892437,95.44991626892437,95.44991626892437
17,train/val,0.19365786477599456,0.1289837450882339,0.1616852976705717,69.14654511750786,74.88722756553639,91.11813036287802,0.12642321288585662,67.07350132176842,73.24076073722607,91.32619104838041,0.08715461340080831,106.01576447486877,0:30:05,80.27773066928407,74.88722756553639,76.98807211622967,95.35268076332795,95.35268076332795,95.35268076332795,79.75311498707683,73.24076073722607,75.54121570051208,95.46648114192257,95.46648114192257,95.46648114192257
18,train/val,0.18760531561692123,0.12433556044150305,0.1581743860050388,69.91938740171109,75.52032591071371,91.52877323440573,0.1275181443989277,66.5130525848519,71.95618450461623,91.15919065036773,0.08639269723028192,106.02216267585754,0:31:51,80.83893836784341,75.52032591071371,77.58228479176844,95.57704744695117,95.57704744695117,95.57704744695117,80.70396561331454,71.95618450461623,74.77195323440843,95.37515862064816,95.37515862064816,95.37515862064816
19,train/val,0.17100007380561336,0.11447136625445084,0.14132176697983043,69.89506745004724,75.58163036242962,92.00878368972347,0.1188374263420701,68.73732794282571,74.43374099750628,91.83958083795214,0.08563003370425575,105.96444344520569,0:33:37,80.52182622386393,75.58163036242962,77.51843696016934,95.83809857199557,95.83809857199557,95.83809857199557,80.25909565370792,74.43374099750628,76.8692574658785,95.74622758952908,95.74622758952908,95.74622758952908
20,train/val,0.19301544295866851,0.12973910434495495,0.15819084431733127,70.36090724641764,75.99865033130126,91.20712738871843,0.1213404569774866,67.00039590602887,71.40066073877526,91.57854378398325,0.08486661467891869,105.75923204421997,0:35:23,80.90864286265844,75.99865033130126,77.98255797686568,95.40138867658112,95.40138867658112,95.40138867658112,81.82205936151091,71.40066073877526,75.34749564851406,95.60417568184856,95.60417568184856,95.60417568184856
21,train/val,0.18416123800789533,0.12363127153366804,0.15132491318913904,70.44378420415298,76.02283640998414,91.22678698206927,0.12595230557024478,67.53035088386159,72.80287560606308,91.27822272594982,0.08410243183934575,106.07808828353882,0:37:09,80.82305873863537,76.02283640998414,77.98096140074988,95.41214222317433,95.41214222317433,95.41214222317433,81.43238314124045,72.80287560606308,75.60626176659399,95.44026646120288,95.44026646120288,95.44026646120288
22,train/val,0.1763757086439949,0.1176179036822008,0.14689450953965602,70.82815935427534,76.52328714563251,91.79234557114077,0.11631537087261677,69.13942093784402,74.9730885499714,91.84636244814337,0.08333747669413688,105.8608467578888,0:38:55,80.8196229454909,76.52328714563251,78.26920312209714,95.72055161825278,95.72055161825278,95.72055161825278,80.38743972409091,74.9730885499714,77.13927929102363,95.74991287413096,95.74991287413096,95.74991287413096
23,train/val,0.18242973182350397,0.1202612959212907,0.1554210874373498,71.20408267271962,76.71908721029511,91.7016986256821,0.11759185757488012,67.94219697615014,72.4598015116181,91.64703028811262,0.08257174056983133,106.27902555465698,0:40:41,81.13412467225949,76.71908721029511,78.53368056614161,95.6712426474002,95.6712426474002,95.6712426474002,82.28167332108943,72.4598015116181,75.92070935517559,95.64148231291144,95.64148231291144,95.64148231291144
24,train/val,0.16592384761442308,0.1116872733944784,0.13559143006315696,71.9906767030859,77.6008288250606,92.14213898244984,0.1155771940946579,69.24342920616874,74.50606517719041,91.9114130755871,0.08180521460508584,105.91671681404114,0:42:27,81.48744619227567,77.6008288250606,79.20107050305053,95.91039161988934,95.91039161988934,95.91039161988934,81.28094478430829,74.50606517719041,77.15348482347896,95.78524966556986,95.78524966556986,95.78524966556986
25,train/val,0.16289248556384575,0.11060000666538658,0.1307311944015648,71.61575058305715,77.28854436349226,92.19061544641352,0.11304532174021005,69.63166929192683,75.41696597645092,92.11615854565146,0.08103788974460405,105.990229845047,0:44:13,81.18682640332892,77.28854436349226,78.92464882616787,95.93664626368611,95.93664626368611,95.93664626368611,80.77485971461236,75.41696597645092,77.42168303598255,95.89631527403503,95.89631527403503,95.89631527403503
26,train/val,0.16551303985002247,0.11192052233356821,0.13398129288512078,72.17909437539276,77.54316448990065,92.01984311736423,0.11252536691725254,69.68891905353873,75.78630219155745,92.11016667462485,0.08026975673280368,106.1419517993927,0:45:59,81.76995721766343,77.54316448990065,79.30617842286811,95.84409780099746,95.84409780099746,95.84409780099746,80.629953583978,75.78630219155745,77.49366686437727,95.89306830453273,95.89306830453273,95.89306830453273
27,train/val,0.1780554385572348,0.12114341405179838,0.14228005816593117,71.87678548248574,77.61402802846914,91.52311577218937,0.11721368238329888,68.53555685196257,73.67856245109704,91.8814200095645,0.0795008061072074,105.93420076370239,0:47:45,81.30239718683202,77.61402802846914,79.1700540213186,95.57396286415181,95.57396286415181,95.57396286415181,81.5289976661012,73.67856245109704,76.61366877140895,95.76895981381061,95.76895981381061,95.76895981381061
28,train/val,0.16235730914480012,0.10940616834989708,0.13237784883898238,71.41011245464234,76.87316701909732,92.20127213232713,0.11157782696187496,70.16506470612657,75.60560741274767,92.18464911516422,0.07873102819154207,105.89122533798218,0:49:31,81.4294923952508,76.87316701909732,78.70515969841911,95.9424161031028,95.9424161031028,95.9424161031028,81.2029897793032,75.60560741274767,77.98241482760312,95.9334156391687,95.9334156391687,95.9334156391687
29,train/val,0.16332952933304984,0.1108446990787659,0.13121207244694233,72.40212319698242,77.91680792601716,92.1239400325103,0.11580567106604576,68.78441188485523,73.19461945970393,91.91706017575832,0.0779604130885303,105.9675064086914,0:51:17,81.77598388885173,77.91680792601716,79.55810238128961,95.90053172646941,95.90053172646941,95.90053172646941,82.70626039048334,73.19461945970393,76.62822275996402,95.78831615238411,95.78831615238411,95.78831615238411
30,train/val,0.16346044421357953,0.11100641575277499,0.13113507104065755,72.53908804615881,77.85805268463203,92.08273691051565,0.11288940358906985,69.9746181284861,75.17961030748694,92.14456237096815,0.07718895067235705,105.91183471679688,0:53:03,82.01100161693748,77.85805268463203,79.56856943788463,95.87820164538122,95.87820164538122,95.87820164538122,81.76201682973551,75.17961030748694,77.67867372057844,95.91170443123674,95.91170443123674,95.91170443123674
31,train/val,0.15465189638021198,0.10310866100632626,0.12885808683526906,72.42740210967598,78.15925973131695,92.53413410491447,0.10828803829848767,69.27099438248742,73.7634821817981,92.31380775807358,0.07641663058079272,106.02185225486755,0:54:49,81.31459746039536,78.15925973131695,79.51183537990238,96.12231569752858,96.12231569752858,96.12231569752858,82.5986193888508,73.7634821817981,77.0354550594238,96.00330713039831,96.00330713039831,96.00330713039831
32,train/val,0.15979104740140232,0.1075853215854453,0.13051431206986308,73.46304128649135,78.84804582633556,92.23372068506654,0.11179027557373047,69.49736085337909,74.07648233033582,92.15860082552726,0.07564344220695324,105.92963337898254,0:56:35,82.16250922048049,78.84804582633556,80.27038867417647,95.95998075298307,95.95998075298307,95.95998075298307,82.46251345590736,74.07648233033582,77.33602626398158,95.91930876849358,95.91930876849358,95.91930876849358
33,train/val,0.15555395311473505,0.10443113821194223,0.12780703527286,71.92247216018366,77.61317481197784,92.40664599334048,0.11302210457623005,69.90285321718727,74.66021686547782,92.00260816084578,0.0748693746906759,105.922598361969,0:58:21,80.96113023503126,77.61317481197784,79.03626987125485,96.05348663116223,96.05348663116223,96.05348663116223,82.36130228975749,74.66021686547782,77.61202166623016,95.83474833193173,95.83474833193173,95.83474833193173
34,train/val,0.15832689610998268,0.10641431292195035,0.12978145559115903,72.75338987456303,78.0016246362342,92.3242774339856,0.1118346631526947,69.44840204879009,74.87926338393447,92.16634125763062,0.07409441690948863,106.02996873855591,1:00:07,82.25362733386862,78.0016246362342,79.76360773371394,96.00896846283536,96.00896846283536,96.00896846283536,81.5199752679162,74.87926338393447,77.37917684156574,95.92350112350474,95.92350112350474,95.92350112350474
35,train/val,0.15349388385758453,0.10404080336751498,0.12363269862354449,72.30132326646968,77.860985431068,92.43204045777269,0.11520541697740555,69.90232267480874,75.42731491044631,91.80666015127046,0.0733185574691482,105.77809810638428,1:01:52,81.53210847425903,77.860985431068,79.3804252089177,96.06720402474348,96.06720402474348,96.06720402474348,81.31364172131227,75.42731491044631,77.69307792717257,95.72833402017022,95.72833402017022,95.72833402017022
36,train/val,0.15141838143134248,0.10319866991156469,0.120549276896307,72.71039779963449,78.08698643028467,92.49282053172284,0.11072600562125444,69.70239751477597,74.48116503870801,92.28210635398136,0.072541784693722,105.96082544326782,1:03:38,81.93604747497905,78.08698643028467,79.70982636128761,96.10002105660872,96.10002105660872,96.10002105660872,82.44667048385243,74.48116503870801,77.3673217315311,95.98616127503284,95.98616127503284,95.98616127503284
37,train/val,0.15682601772815638,0.10493073047584166,0.1297382167742952,72.54731954622765,78.03797714078425,92.34675489803634,0.11384732663631439,69.4461936144049,74.44627139967899,91.9799097547339,0.07176408661518509,106.03623342514038,1:05:24,81.70388915303232,78.03797714078425,79.57690752062926,96.02112075869402,96.02112075869402,96.02112075869402,82.20625256240996,74.44627139967899,77.18300558685614,95.82243253707523,95.82243253707523,95.82243253707523
38,train/val,0.14962235303676646,0.09947722413293693,0.1253628204981594,73.92702978346854,79.2499198420305,92.76654404870801,0.10980693142861128,70.4696687760074,76.21559337913683,92.34076614588676,0.07098545096250324,106.12164568901062,1:07:10,82.45570590897381,79.2499198420305,80.64070337015832,96.24755634491001,96.24755634491001,96.24755634491001,81.16875883741189,76.21559337913683,78.10166659992626,96.01788325606239,96.01788325606239,96.01788325606239
39,train/val,0.1506617101030829,0.10080088292370024,0.1246520669159034,72.84134896538316,78.14705647806144,92.67257431987973,0.10876095946878195,70.36660382627194,75.79003067769115,92.34397431570808,0.0702058651501696,106.14564847946167,1:08:57,82.14313486904156,78.14705647806144,79.82577802796219,96.19695449340128,96.19695449340128,96.19695449340128,81.54801663115371,75.79003067769115,78.01449066256686,96.01961760875048,96.01961760875048,96.01961760875048
40,train/val,0.14631803181913236,0.09951034345178177,0.1170192178460243,73.91563845186909,79.36367168044126,92.71326676515076,0.11124451078474522,69.99751235704068,74.7021488387239,92.10726444690022,0.0694253162661607,105.93976283073425,1:10:43,82.22682064061158,79.36367168044126,80.6256829929572,96.21887306610334,96.21887306610334,96.21887306610334,82.61601833624574,74.7021488387239,77.76524941124961,95.89149552682252,95.89149552682252,95.89149552682252
41,train/val,0.14388315490973386,0.09683215166644557,0.1176275061848371,73.20829084482834,78.39096717489134,92.89114585995014,0.11072903197258711,70.35469233589538,75.34851113722151,92.32622738775702,0.0686437910592748,106.23114132881165,1:12:29,82.20451603286153,78.39096717489134,79.99497371208834,96.31457726669773,96.31457726669773,96.31457726669773,82.3355315435969,75.34851113722151,78.01975575587498,96.01002280527679,96.01002280527679,96.01002280527679
42,train/val,0.15037958957659808,0.10170704470542462,0.12168135939408904,73.4621365974319,78.78468975631047,92.50458958077488,0.11146691806614399,70.0412083239783,75.07588885631206,92.09221550290457,0.06786127592581251,105.91268348693848,1:14:15,82.28173635341999,78.78468975631047,80.29260582685346,96.10637313346753,96.10637313346753,96.10637313346753,82.11321600958492,75.07588885631206,77.73803712089027,95.88333942820506,95.88333942820506,95.88333942820506
43,train/val,0.13663382338278968,0.09248798041928398,0.11036460708988749,73.93760541148396,79.31340029507138,93.187694302837,0.10805709227919578,70.66922226224108,75.78426005421281,92.48795604587869,0.06707775689555683,105.83650350570679,1:16:01,82.31957341824618,79.31340029507138,80.62611302633542,96.4737372523924,96.4737372523924,96.4737372523924,81.93439364606658,75.78426005421281,78.27064504765781,96.09739533400685,96.09739533400685,96.09739533400685
44,train/val,0.13767435306521214,0.09353373499344224,0.11035154437970209,74.07240255109727,79.0020730674702,93.11780987424976,0.10737240187823772,70.57525588519027,75.65392194105829,92.41746720269093,0.06629321961700618,105.85433030128479,1:17:46,82.81130932605475,79.0020730674702,80.60012277695854,96.43627372833627,96.43627372833627,96.43627372833627,82.1792382303528,75.65392194105829,78.16024416935258,96.05933239453688,96.05933239453688,96.05933239453688
45,train/val,0.14594095799586046,0.09770238494662487,0.12059642876619878,73.71972691887532,79.19922316900693,92.80759811401852,0.10769856836646795,70.50541788447711,75.45900828683517,92.33974871101151,0.06550764934180986,106.11028528213501,1:19:33,82.06175398667888,79.19922316900693,80.46749282514166,96.26964810705842,96.26964810705842,96.26964810705842,82.27704976356752,75.45900828683517,78.06210663135869,96.0173332135845,96.0173332135845,96.0173332135845
46,train/val,0.15045112118367915,0.10114846913063008,0.12325662773345476,74.2079323254518,79.37337356477342,92.63799400217938,0.11408133253455162,69.76403594686577,74.65538023824209,92.03040795101857,0.06472103090835231,106.15433025360107,1:21:19,82.70625500112509,79.37337356477342,80.8024849183416,96.17832087800015,96.17832087800015,96.17832087800015,82.37233804626058,74.65538023824209,77.57864802422378,95.84982809023963,95.84982809023963,95.84982809023963
47,train/val,0.13806835491129238,0.09266960404246398,0.11349687583582557,74.88660888391212,80.03906962270105,93.16592068348872,0.10783355098217726,70.83344053112236,76.19679739760326,92.30233684030188,0.06393334872442681,105.99529695510864,1:23:05,82.82624841510533,80.03906962270105,81.27205639708095,96.46206779522501,96.46206779522501,96.46206779522501,81.82780693488802,76.19679739760326,78.46006977270365,95.99710368257736,95.99710368257736,95.99710368257736
48,train/val,0.14287594096411182,0.09584004132320052,0.11758974455701916,74.14611796275437,79.45543480968897,92.99614606413827,0.10512217305600643,70.62963620865224,76.23858330268122,92.57286647018013,0.06314458674893553,106.07784152030945,1:24:51,82.50756108187221,79.45543480968897,80.78542243844683,96.37098767063766,96.37098767063766,96.37098767063766,81.49471838456928,76.23858330268122,78.19425535906691,96.14320871576683,96.14320871576683,96.14320871576683
49,train/val,0.14399844071949305,0.09683650703695805,0.11790483252590765,74.89876150274834,80.2083401445127,92.8647077135885,0.10497905757278204,70.91042194281333,75.8455469726515,92.48970109587195,0.06235472847254634,106.05144095420837,1:26:37,82.73017229877333,80.2083401445127,81.32809977645225,96.30036393334976,96.30036393334976,96.30036393334976,82.18921252785076,75.8455469726515,78.5066419006262,96.09833728175023,96.09833728175023,96.09833728175023
50,train/val,0.14403244448096855,0.09611942493559225,0.11978254766891831,74.00718062017671,79.33794651582008,92.98542751204143,0.10411090441048146,71.05346486412114,75.92561446067866,92.62644829102884,0.06156375689723185,106.05388069152832,1:28:23,82.33017424947126,79.33794651582008,80.6405456201999,96.36523203933578,96.36523203933578,96.36523203933578,82.35053833483704,75.92561446067866,78.50759382085549,96.17209797803525,96.17209797803525,96.17209797803525
51,train/val,0.14134103974894338,0.0939696034942956,0.11842858835892833,74.37830952205509,79.54933503393814,93.0891927203948,0.10658545650541783,71.25787964415568,76.70457291933492,92.45726680747657,0.06077165451460892,106.25184655189514,1:30:09,82.76317529097068,79.54933503393814,80.95518555822156,96.42092486780838,96.42092486780838,96.42092486780838,81.76694847030646,76.70457291933492,78.789337249422,96.08082702324316,96.08082702324316,96.08082702324316
52,train/val,0.13144237436759082,0.0898043896658751,0.10409495910710614,74.33586895328757,79.61352930235189,93.27296441826049,0.105060065202415,70.4953695926573,75.22577159897277,92.5289284872057,0.05997840328298988,105.98992562294006,1:31:55,82.5126697230774,79.61352930235189,80.88473004150906,96.51941201295925,96.51941201295925,96.51941201295925,82.6332601761589,75.22577159897277,78.11154992392045,96.11950704161802,96.11950704161802,96.11950704161802
53,train/val,0.1433160496754167,0.09481936506927013,0.12124170903521388,74.77145216330797,80.05230131720417,93.00626837692853,0.10601008456200361,70.70637862028222,75.47954916737321,92.54695819157592,0.059183984603048925,106.0790433883667,1:33:41,82.71966702646478,80.05230131720417,81.2416807591026,96.37642254736869,96.37642254736869,96.37642254736869,82.69571632818253,75.47954916737321,78.23177304270816,96.12923419906295,96.12923419906295,96.12923419906295
54,train/val,0.15563456946983933,0.10664812262858385,0.1224661156454164,73.95836202107678,79.20997211706863,92.34156874545732,0.11031561236828566,70.41427172018273,75.0925210923754,92.36335597239137,0.05838837929199803,106.09997415542603,1:35:27,82.4952482750012,79.20997211706863,80.63520225572286,96.01831715084026,96.01831715084026,96.01831715084026,82.67833671439978,75.0925210923754,77.96495873021907,96.03009419907154,96.03009419907154,96.03009419907154
55,train/val,0.13659271203062456,0.09242387710179648,0.11042208516079446,74.59467353196035,79.80278891207392,93.21633180318183,0.10706638276576996,70.7309344064069,75.61640783920839,92.47301614650907,0.05759156755615711,106.0780930519104,1:37:13,82.79404132926854,79.80278891207392,81.10479210391243,96.48908136620237,96.48908136620237,96.48908136620237,82.5337195182323,75.61640783920839,78.18015107384372,96.0893303361748,96.0893303361748,96.0893303361748
56,train/val,0.12839020371599041,0.08769413547428406,0.10174016921740511,74.87069368206387,80.0454331903281,93.41044758466778,0.10516612049192191,71.01913267539213,75.68425972788344,92.58417843264559,0.05679352896179233,106.1258225440979,1:38:59,82.73725028982791,80.0454331903281,81.23424020775187,96.59296977095947,96.59296977095947,96.59296977095947,82.83916920712414,75.68425972788344,78.48288808557282,96.14930903062319,96.14930903062319,96.14930903062319
57,train/val,0.12901412837369286,0.08742905448636283,0.10396268200534194,74.90875597800355,80.22215944735935,93.43700214144184,0.10388366714119911,71.33021288890468,76.23723978693478,92.5728441599302,0.05599424240408453,106.04254198074341,1:40:46,82.62301760360081,80.22215944735935,81.30724826930671,96.60716523420929,96.60716523420929,96.60716523420929,82.56533715638082,76.23723978693478,78.76522461519232,96.14319668358763,96.14319668358763,96.14319668358763
58,train/val,0.13617370500350776,0.09148132542917586,0.11173094703775385,75.36680586785582,80.4718483274651,93.14144404867332,0.10440934732556344,71.05919690653732,75.83165969663926,92.58338473512518,0.055193686074075946,106.02060055732727,1:42:32,83.08869730644092,80.4718483274651,81.63886319838245,96.44894652977831,96.44894652977831,96.44894652977831,82.7686861369497,75.83165969663926,78.52645192110681,96.14888102882007,96.14888102882007,96.14888102882007
59,train/val,0.13826139297579293,0.09338974309882717,0.11217912148846232,74.5649178379782,79.77373719318632,92.96247070885477,0.10781497042626143,70.5882654294356,75.06065233245188,92.5119882938858,0.05439183742342914,106.02013063430786,1:44:18,82.77475676670747,79.77373719318632,81.07897417187752,96.35290257981637,96.35290257981637,96.35290257981637,82.97884400807253,75.06065233245188,78.13251733334252,96.11036602318859,96.11036602318859,96.11036602318859
60,train/val,0.16603395970457274,0.11631905524384069,0.12428725869192378,73.95582624474116,79.27990530275483,92.98867003432055,0.10325551260262728,71.78470345533161,77.05768498771485,92.70025298122373,0.05358867312681466,106.14438891410828,1:46:04,82.34123949869944,79.27990530275483,80.60204453936886,96.36697327131559,96.36697327131559,96.36697327131559,82.15668576632702,77.05768498771485,79.18717674846899,96.21186433030394,96.21186433030394,96.21186433030394
61,train/val,0.1296746935290487,0.08735883419158989,0.10578964749837051,75.44909615979016,80.69345074292897,93.53510623679924,0.10564275462180377,71.76341296224574,76.88905625320463,92.56224418875834,0.05278416904172595,106.2999746799469,1:47:50,82.99625589372837,80.69345074292897,81.74062937089327,96.65957567652316,96.65957567652316,96.65957567652316,82.29820423081122,76.88905625320463,79.17188036837358,96.13747967958307,96.13747967958307,96.13747967958307
62,train/val,0.13759220517038004,0.09340740326265602,0.11046200201077305,75.39221076507897,80.65947093748882,93.12132460101009,0.10607363734394312,70.68391553476509,75.35369182215729,92.43613484340129,0.05197830016549862,105.95858812332153,1:49:36,82.95438661529897,80.65947093748882,81.69865684097928,96.43815854453085,96.43815854453085,96.43815854453085,82.95025732771433,75.35369182215729,78.12382651385171,96.06941536070968,96.06941536070968,96.06941536070968
63,train/val,0.12251494338978892,0.08227770143876904,0.10059310380450409,75.73326440378445,80.649613477377,93.77112159483008,0.1019262731820345,71.53890805340335,76.81224938040786,92.78839178920957,0.05117104058928822,106.16502404212952,1:51:22,83.3684644780431,80.649613477377,81.86078310644001,96.7854454503317,96.7854454503317,96.7854454503317,82.1097929955852,76.81224938040786,78.90518130509847,96.25931408843566,96.25931408843566,96.25931408843566
64,train/val,0.13205818086862564,0.08886066740176277,0.10799378225498873,74.35883200654679,79.6638060673274,93.40423043010938,0.10475468106567859,71.11364179621424,75.51555647885112,92.49700326321909,0.05036236344873385,106.12364411354065,1:53:08,82.55736981732827,79.6638060673274,80.93650156955633,96.58964565810047,96.58964565810047,96.58964565810047,83.19015633893407,75.51555647885112,78.58240064572318,96.10227867988085,96.10227867988085,96.10227867988085
65,train/val,0.13597538303988782,0.09140116498684106,0.11143554240951072,75.3609929782511,80.4869689575675,93.17099247616888,0.10284465149044991,71.51553919168111,76.42962160320349,92.69002828795169,0.04955224087100552,105.94811654090881,1:54:54,83.03225581368116,80.4869689575675,81.61838201704605,96.46478623094842,96.46478623094842,96.46478623094842,82.62144659142055,76.42962160320349,78.91107940145457,96.20635702999407,96.20635702999407,96.20635702999407
66,train/val,0.13663928895054953,0.09104276635765057,0.11399130405777175,74.97378058197076,79.9908353660583,93.27783299145621,0.10243648033589124,71.46326215457286,76.61756572836876,92.67944731972734,0.04874064391789954,105.99663519859314,1:56:40,83.1325398236115,79.9908353660583,81.38181594165258,96.52201863788439,96.52201863788439,96.52201863788439,82.15709659578724,76.61756572836876,78.87695239430118,96.20065721481694,96.20065721481694,96.20065721481694
67,train/val,0.1280816067415087,0.0865802506653025,0.10375338856576254,75.36378078849538,80.4395801960445,93.53396946485066,0.10213303480297327,71.52458925220769,76.3517583648845,92.73130389334969,0.047927542524608284,105.97468400001526,1:58:26,83.04820128723826,80.4395801960445,81.57951303641026,96.6589686797471,96.6589686797471,96.6589686797471,82.74277341505693,76.3517583648845,78.82999543186952,96.2285856216318,96.2285856216318,96.2285856216318
68,train/val,0.12423735909649859,0.08446263276931384,0.09943681329731709,75.39395102860547,80.53478878135564,93.65214289815607,0.10134911365807056,71.73959560450662,76.83757155206514,92.82576615390266,0.047112905433747305,105.88265919685364,2:00:12,82.95194340711288,80.53478878135564,81.61254112798719,96.72203105690271,96.72203105690271,96.72203105690271,82.37603380086047,76.83757155206514,79.03338083575787,96.27942157876802,96.27942157876802,96.27942157876802
69,train/val,0.1269391638469761,0.08545982457049515,0.10369834596412661,75.04643229156721,80.18713306747908,93.58111209960444,0.1010142270475626,71.33991375013446,75.97331390982653,92.75474872560822,0.046296700124174445,106.06937551498413,2:01:58,82.9098438900643,80.18713306747908,81.3873250532159,96.68413522849646,96.68413522849646,96.68413522849646,82.9252163989387,75.97331390982653,78.68428666654555,96.24120737761662,96.24120737761662,96.24120737761662
70,train/val,0.12355105929157656,0.08329339724277025,0.10064415242927878,75.23519711441698,80.27607830352682,93.74998918842431,0.10548921082168818,70.55094657912515,74.92906148913055,92.52815435921505,0.04547889273407904,106.02864456176758,2:03:44,83.08190668269884,80.27607830352682,81.51697678332503,96.77418778821325,96.77418778821325,96.77418778821325,83.2929352887673,74.92906148913055,78.03443554607685,96.11908935311138,96.11908935311138,96.11908935311138
71,train/val,0.12765589753246825,0.08650728168330439,0.102871538463818,75.26956563839505,80.4086685508612,93.49282923813583,0.10536880992352962,71.17892618903065,75.80761464436917,92.46762918139271,0.04465944797775636,106.10858869552612,2:05:30,83.04608085952978,80.4086685508612,81.58301927499629,96.63699642643829,96.63699642643829,96.63699642643829,82.85554651685688,75.80761464436917,78.70604417291037,96.08642198657294,96.08642198657294,96.08642198657294
72,train/val,0.1308334746560001,0.08838858219551975,0.10611222868623293,75.44831143468211,80.59086576674576,93.34883298358659,0.10125137120485306,71.70859186619298,76.64309740053677,92.74680117288078,0.043838329055408694,105.82749605178833,2:07:16,83.07969177920157,80.59086576674576,81.7182623299752,96.5600169839256,96.5600169839256,96.5600169839256,82.57186830142801,76.64309740053677,79.01264969604878,96.2369290784683,96.2369290784683,96.2369290784683
73,train/val,0.12761484268728807,0.08567626251960578,0.10484644805040697,75.62304326412351,80.83076505925014,93.60397422767834,0.10314533114433289,71.38054433732522,76.00292142362896,92.6828199569494,0.04301549755523147,105.93780517578125,2:09:02,83.00638366764825,80.83076505925014,81.81275661263048,96.6963354973282,96.6963354973282,96.6963354973282,82.95806457603801,76.00292142362896,78.79866057426992,96.20247407387672,96.20247407387672,96.20247407387672
74,train/val,0.12230885838684828,0.08256476885720115,0.09936022383930243,75.66185013787216,80.71956139712721,93.750741577033,0.1024052456766367,71.27206473810884,75.82602624111175,92.65783588907293,0.042190913346945774,105.9312846660614,2:10:48,83.17285104374204,80.71956139712721,81.82078094865706,96.77458864306728,96.77458864306728,96.77458864306728,83.04911547933581,75.82602624111175,78.70274205861435,96.1890135031131,96.1890135031131,96.1890135031131
75,train/val,0.12169640655021953,0.08179772067207682,0.0997467131110961,75.45235361606521,80.35576168792903,93.82929277692614,0.10408138193190097,71.18069703644608,75.87416754549294,92.62550436562836,0.04136453446582762,105.95382118225098,2:12:34,83.33762351783068,80.35576168792903,81.65556045810854,96.81642174169434,96.81642174169434,96.81642174169434,82.83119013656838,75.87416754549294,78.61696703041339,96.17158918874321,96.17158918874321,96.17158918874321
76,train/val,0.12599595676621664,0.08521433716194461,0.1019540470417427,75.76011919363087,80.84670344163872,93.57786141338832,0.10479035150259733,71.19886296638434,75.64866863481309,92.55072131069193,0.04053631698615512,105.92004609107971,2:14:20,83.19433637023987,80.84670344163872,81.89304825908582,96.68240028083733,96.68240028083733,96.68240028083733,83.19761784349272,75.64866863481309,78.63431317108306,96.13126419958292,96.13126419958292,96.13126419958292
77,train/val,0.1275400903440364,0.08557823228487826,0.10490464386732681,76.17888543902276,81.06118124715282,93.54005335231864,0.10315541051328182,71.0769775631207,75.67362470643123,92.72301352087976,0.03970621488284515,105.91845440864563,2:16:06,83.54208756199353,81.06118124715282,82.183885087749,96.66221718151449,96.66221718151449,96.66221718151449,83.05708214590516,75.67362470643123,78.48867166449585,96.22412168314717,96.22412168314717,96.22412168314717
78,train/val,0.12345875469643784,0.08304453848699189,0.10103553896972342,75.90948315345275,80.91996450530323,93.73259763568154,0.1040412401407957,71.19881722186405,75.5959234290808,92.57566485394584,0.03887417987987635,105.92137265205383,2:17:52,83.26559223158523,80.91996450530323,81.98284189643412,96.76492111249938,96.76492111249938,96.76492111249938,83.2275468136208,75.5959234290808,78.60136239715054,96.14471789481554,96.14471789481554,96.14471789481554
79,train/val,0.12605178625444355,0.08438283483416814,0.10417237602498221,75.71629039880749,80.75746467133912,93.66541179863971,0.1035455434024334,71.14135738861766,75.64944081403453,92.68018756679058,0.03804016128389117,106.15289998054504,2:19:38,83.30275750386608,80.75746467133912,81.87119066146379,96.7291071015063,96.7291071015063,96.7291071015063,83.05893913796271,75.64944081403453,78.5324171050581,96.20105599561342,96.20105599561342,96.20105599561342
80,train/val,0.1281224689041467,0.08646072795533616,0.10415435043851966,76.14014882786849,80.91570468489911,93.4201432574614,0.10194991957396268,71.84455463126434,77.01521010554991,92.71045003404056,0.03720410580113015,106.0657320022583,2:21:24,83.6472929384193,80.91570468489911,82.14889105427616,96.59815330930648,96.59815330930648,96.59815330930648,82.38842360666115,77.01521010554991,79.1353803674237,96.21735616066913,96.21735616066913,96.21735616066913
81,train/val,0.13052809679799754,0.08751470777813507,0.10753347135513373,76.10246470841471,81.18653146941796,93.41408820104158,0.10255745343863965,71.97832051258416,76.924479332436,92.63021132883277,0.036365957335569424,106.1125967502594,2:23:10,83.28344144028664,81.18653146941796,82.12749148647819,96.59491619239608,96.59491619239608,96.59491619239608,82.67753843420067,76.924479332436,79.2643580632602,96.17412625967248,96.17412625967248,96.17412625967248
82,train/val,0.12303613764031426,0.08317259929912246,0.09965884483054928,76.02852310627395,81.02628020080883,93.7369296783393,0.10308362316340208,71.20724746879912,75.68838840026231,92.64338311904773,0.035525656765798816,106.00974583625793,2:24:56,83.30009211356374,81.02628020080883,82.04260076110454,96.7672294941087,96.7672294941087,96.7672294941087,83.22609981901064,75.68838840026231,78.61300492187443,96.18122524540274,96.18122524540274,96.18122524540274
83,train/val,0.12697067971179343,0.08570914682122352,0.10315383069784097,76.05090263668448,81.20345690890002,93.61257598832013,0.10076874092221261,71.83775859845782,76.67672003439333,92.80011884032588,0.034683141697781604,105.99791383743286,2:26:42,83.23356951046729,81.20345690890002,82.12178303127821,96.70092504111655,96.70092504111655,96.70092504111655,82.73013745630782,76.67672003439333,79.05267931723635,96.2656241069867,96.2656241069867,96.2656241069867
84,train/val,0.11913497426101695,0.08026151797410262,0.09718363823207177,75.1302824990568,80.06238614713514,93.94554575891311,0.10005056999623775,71.71081552172691,76.40701495596834,92.86355780936573,0.033838346190164986,106.12161159515381,2:28:28,83.05019064942071,80.06238614713514,81.37590390512366,96.87827105417881,96.87827105417881,96.87827105417881,82.93883463285626,76.40701495596834,79.03517942560097,96.29974564832604,96.29974564832604,96.29974564832604
85,train/val,0.12656142671956963,0.08445342699997127,0.10526999675304345,75.92945754916478,80.85236354594744,93.66552352898518,0.10283593069761991,71.18303192219622,75.76901061603482,92.66285068722418,0.03299120044824439,106.00621128082275,2:30:14,83.46376460299587,80.85236354594744,82.02402433643361,96.72916668099329,96.72916668099329,96.72916668099329,83.04820539675973,75.76901061603482,78.57566186802688,96.19171558678575,96.19171558678575,96.19171558678575
86,train/val,0.12151738559908193,0.08166279540518703,0.09963647286286173,76.11332933156102,81.06993480905558,93.913457860805,0.10160876650363207,71.27247979287755,76.16442152218804,92.6346506268596,0.03214163048200412,106.10250568389893,2:32:00,83.42403088760281,81.06993480905558,82.12628237522328,96.86120694956405,96.86120694956405,96.86120694956405,82.81069634334398,76.16442152218804,78.58230160412589,96.17651894445129,96.17651894445129,96.17651894445129
87,train/val,0.11885191352390077,0.08050321635749677,0.09587174109385713,76.03936893786633,81.02586248413662,93.869403958419,0.10123749949038029,71.69834195958586,76.31412581681633,92.71523456316184,0.031289557722833566,106.11961340904236,2:33:46,83.4265968681562,81.02586248413662,82.10948057876337,96.83777021210841,96.83777021210841,96.83777021210841,83.12864628405391,76.31412581681633,78.89452425705574,96.21993276590149,96.21993276590149,96.21993276590149
88,train/val,0.12403299183706226,0.08283850600254601,0.10298621371064497,76.1281544606435,81.1615981724876,93.69015137701243,0.10278408624231815,71.52655783476398,76.05545756488932,92.66464038259697,0.030434898592517714,106.00424695014954,2:35:32,83.35001380408575,81.1615981724876,82.1515873475268,96.74229764490936,96.74229764490936,96.74229764490936,83.12035220143834,76.05545756488932,78.83067101686045,96.19267988000479,96.19267988000479,96.19267988000479
89,train/val,0.12479550994770683,0.08436114869444915,0.10108590178677569,76.14747301080712,81.06847258978597,93.61517085818596,0.10336081452667713,71.42460252560633,76.15277449263641,92.66491155146315,0.02957756401687678,106.02195906639099,2:37:18,83.56141794322063,81.06847258978597,82.18926997871408,96.70230947631133,96.70230947631133,96.70230947631133,82.92374690233,76.15277449263641,78.75550744686699,96.19282598503798,96.19282598503798,96.19282598503798
90,train/val,0.12782152515390646,0.0861561785188868,0.10416336620793394,76.10886306630111,81.03743713360136,93.47795624709356,0.10043841566890478,72.06620298475596,76.9197487987513,92.86892220301843,0.028717458874925873,105.90328049659729,2:39:04,83.53289053021886,81.03743713360136,82.15262723228209,96.62905073042168,96.62905073042168,96.62905073042168,82.8782982708799,76.9197487987513,79.35466854626601,96.30262993356948,96.30262993356948,96.30262993356948
91,train/val,0.12211627741951657,0.08139585405993073,0.10180105644521183,76.68041700509214,81.6079404246425,93.81380435715737,0.10153690878301859,71.87726603974868,76.59568503284272,92.76605332456381,0.027854481372563623,106.28611993789673,2:40:51,83.72689603248902,81.6079404246425,82.56661305744561,96.80817593805506,96.80817593805506,96.80817593805506,82.88477712049631,76.59568503284272,79.18002647517343,96.24729222252827,96.24729222252827,96.24729222252827
92,train/val,0.11752252892145644,0.079548660027997,0.09493467044692648,76.36172894113334,81.21756090340561,94.05158077082154,0.10231344748288393,71.64841267650644,76.25984013211196,92.77231613217467,0.026988522327480363,105.89644694328308,2:42:36,83.60261478998868,81.21756090340561,82.29284405412311,96.93461954520039,96.93461954520039,96.93461954520039,83.08115459891638,76.25984013211196,78.94386224713709,96.2506629515881,96.2506629515881,96.2506629515881
93,train/val,0.12672348251647275,0.08538407746338002,0.10334851139265558,76.43966836241212,81.39439173074169,93.46478991012094,0.10110038667917251,71.88183070189325,76.62602396677485,92.76151855216123,0.026119464349067856,106.05113172531128,2:44:23,83.556114416041,81.39439173074169,82.37543014992727,96.62201577200939,96.62201577200939,96.62201577200939,82.98914825458738,76.62602396677485,79.07596215216776,96.24485140903263,96.24485140903263,96.24485140903263
94,train/val,0.1212520670834119,0.08106310752665867,0.10047239658382276,75.69065682776227,80.6137779411865,93.85437471378276,0.10068677417933941,71.8387201306447,76.7452614330809,92.74608595721062,0.025247180893436146,106.07210540771484,2:46:09,83.28700144244661,80.6137779411865,81.7997594848618,96.82977219611836,96.82977219611836,96.82977219611836,82.87376204721639,76.7452614330809,79.03906044164714,96.23654404873376,96.23654404873376,96.23654404873376
95,train/val,0.12299770841617948,0.08286322762622782,0.10033620027420313,76.89904250488443,81.80877997366595,93.69099347131765,0.10205326337367296,71.42516563940251,75.8259063825492,92.71454192482648,0.024371535168960283,106.13430953025818,2:47:55,83.78017247228809,81.80877997366595,82.70381150012015,96.74274656987775,96.74274656987775,96.74274656987775,83.32852960528274,75.8259063825492,78.78576089871211,96.21955976834617,96.21955976834617,96.21955976834617
96,train/val,0.1191341908770087,0.08009940987128926,0.09758695083386872,75.92060007329984,80.79769284263594,93.9446134333257,0.1013446194678545,71.84410833690667,76.61761463657254,92.77340841260681,0.023492378861760376,106.01251029968262,2:49:41,83.45169483221777,80.79769284263594,81.98044306420395,96.87777533003977,96.87777533003977,96.87777533003977,82.87683558129586,76.61761463657254,79.08658164122436,96.25125080948635,96.25125080948635,96.25125080948635
97,train/val,0.1203815042162719,0.08042594880554015,0.0998888862643229,76.51537048310999,81.43303833811598,93.93360798411004,0.10178277958184481,71.5740170034194,76.3339745659233,92.68381549779029,0.02260955064271239,106.0581066608429,2:51:27,83.5975767145442,81.43303833811598,82.42013199439303,96.87192329429203,96.87192329429203,96.87192329429203,82.97520510305137,76.3339745659233,78.83795268789022,96.20301036529267,96.20301036529267,96.20301036529267
98,train/val,0.12451168291432702,0.0832042456705771,0.10326859099871438,75.51858773715988,80.41361086502849,93.6868910860102,0.10008437972515821,72.26478809925948,77.19240601150005,92.88760400283722,0.021722874407360114,106.0620596408844,2:53:13,83.34455787690733,80.41361086502849,81.70581453802316,96.7405595295624,96.7405595295624,96.7405595295624,82.68686854958626,77.19240601150005,79.51743936231584,96.3126733654392,96.3126733654392,96.3126733654392
99,train/val,0.12442494315378692,0.08387431235093137,0.10137657198609541,75.90325247724341,81.06742783927722,93.70618893707064,0.10197339333593845,71.52444657528399,76.26650152410849,92.7970583608915,0.020832157186556892,106.00545001029968,2:54:59,83.14629633646979,81.06742783927722,81.99905758092261,96.75084668307937,96.75084668307937,96.75084668307937,82.9210990605843,76.26650152410849,78.83341013408533,96.26397741731851,96.26397741731851,96.26397741731851
100,train/val,0.12095901001568722,0.08220867365193756,0.09687583937066728,76.16287417763061,81.12090241879511,93.75795505661927,0.10230468150228261,71.75848756348869,76.53623496285647,92.75236662615964,0.01993718664752192,106.19019603729248,2:56:45,83.44952436057666,81.12090241879511,82.17450191096322,96.77843165636389,96.77843165636389,96.77843165636389,82.81565830242896,76.53623496285647,79.10015712911265,96.23992509109004,96.23992509109004,96.23992509109004
101,train/val,0.13480154380364262,0.08995208054092592,0.11212365683573096,76.1524084233054,81.10807156597072,93.23277257507496,0.10285246703773737,71.70484206541097,76.79967220583855,92.69866686999552,0.01903772808037804,106.32972407341003,2:58:31,83.51504639056841,81.10807156597072,82.19605045252528,96.49788835778578,96.49788835778578,96.49788835778578,82.49761337662108,76.79967220583855,78.95190801385851,96.21101004558047,96.21101004558047,96.21101004558047
102,train/val,0.11617719501499897,0.07812131035303616,0.09513970980744647,76.5192860616158,81.38990254664002,94.04351446443746,0.10276527546346187,71.50233512164358,76.12204448883375,92.67418598616676,0.018133520731367456,105.94279456138611,3:00:17,83.57232057667737,81.38990254664002,82.37896235792536,96.93033516116088,96.93033516116088,96.93033516116088,83.19600286727052,76.12204448883375,78.80547799120735,96.19782277717307,96.19782277717307,96.19782277717307
103,train/val,0.11961749696132282,0.0810536734820546,0.09640955868298592,76.59733760257627,81.41944123462038,93.81272286397925,0.1015449707955122,72.20990387659789,77.12284796445196,92.84189547240075,0.017224273296629813,105.99864482879639,3:02:03,83.78513266146294,81.41944123462038,82.49043850337782,96.8076001179948,96.8076001179948,96.8076001179948,82.79162337972227,77.12284796445196,79.4351909923369,96.28809677997398,96.28809677997398,96.28809677997398
104,train/val,0.12001016924319707,0.08036218666593017,0.09911995510692181,75.6621526514312,80.5897952298461,93.90829222602639,0.10309786267578602,71.74622714042141,76.55924487476878,92.76561899909488,0.016309658323221825,106.00645279884338,3:03:49,83.3081423465461,80.5897952298461,81.78028552992764,96.85845937579973,96.85845937579973,96.85845937579973,82.88977918493985,76.55924487476878,79.0460094912411,96.24705845447518,96.24705845447518,96.24705845447518
105,train/val,0.1152209936560172,0.07720617116833835,0.09503705404779833,76.22477090591578,81.14516811819615,94.17173508676603,0.10162157323211432,71.70417375369219,76.40934239177103,92.7474365698258,0.015389305166811454,106.11512899398804,3:05:35,83.36824896252708,81.14516811819615,82.14403798695571,96.99839685182316,96.99839685182316,96.99839685182316,82.9492853006597,76.40934239177103,78.95260183231785,96.23727113613423,96.23727113613423,96.23727113613423
106,train/val,0.12499721862537705,0.08381334839024297,0.10295967660520387,76.97219757420449,81.88315229419423,93.62666892355175,0.10151045437902212,72.14784585788071,77.2152175144689,92.82286463301998,0.014462791011830848,105.94979548454285,3:07:21,83.78269323930955,81.88315229419423,82.74767665309682,96.70844356726263,96.70844356726263,96.70844356726263,82.55244100836497,77.2152175144689,79.38965382031373,96.277860833237,96.277860833237,96.277860833237
107,train/val,0.12320867802380868,0.08337540469010887,0.09958318090471237,76.67626037055926,81.49778158873086,93.70968580409489,0.10182775501161814,71.73404892609967,76.5687709482928,92.7573384474359,0.013529629242719094,106.1427948474884,3:09:08,83.6663273465309,81.49778158873086,82.48795993600288,96.75271054733592,96.75271054733592,96.75271054733592,82.93135560179012,76.5687709482928,78.93976097993783,96.24260139152152,96.24260139152152,96.24260139152152
108,train/val,0.11326034680899719,0.07599517894382386,0.09316291813941105,76.64844369163836,81.59767602552488,94.19890333937688,0.10263397332280874,71.72078928518842,76.40724291588062,92.6900793448978,0.012589254117941671,105.93618988990784,3:10:53,83.63603137473743,81.59767602552488,82.52130244782605,97.01280668383319,97.01280668383319,97.01280668383319,83.08997590885295,76.40724291588062,78.94710032131168,96.20638453211797,96.20638453211797,96.20638453211797
109,train/val,0.13199994532877338,0.0891428024649782,0.10714285482611993,76.17342046463628,81.1258508335236,93.15940701281119,0.10280709691345692,71.76615606539528,76.5473662181768,92.73682694778206,0.011641000159908689,106.05379033088684,3:12:40,83.52974079211654,81.1258508335236,82.21096091042571,96.4585763163297,96.4585763163297,96.4585763163297,82.89606784949913,76.5473662181768,79.04353807865758,96.23155928877789,96.23155928877789,96.23155928877789
110,train/val,0.12130874028915296,0.08037197998846354,0.1023418981096019,75.92849391006209,80.91600714166034,93.78448560175082,0.10403725646436214,71.81253442596461,76.43714509065703,92.73258725695773,0.010684073783223468,106.08147621154785,3:14:26,83.34609438088833,80.91600714166034,82.01369920378461,96.79256346092495,96.79256346092495,96.79256346092495,83.07163445922502,76.43714509065703,79.0866460281555,96.22927661249464,96.22927661249464,96.22927661249464
111,train/val,0.13856433623510858,0.0947488862413751,0.10953862344562683,76.16361434568485,81.25089637656718,93.43707760010075,0.10182225171476603,71.7126892587268,76.44507888169385,92.81940720783997,0.00971751315111567,106.27161478996277,3:16:12,83.25670719818507,81.25089637656718,82.16358226185999,96.60720556714209,96.60720556714209,96.60720556714209,83.0146728381955,76.44507888169385,78.95200297098313,96.27600100210863,96.27600100210863,96.27600100210863
112,train/val,0.11951513762545327,0.07989659188720195,0.09904636268544456,75.69250091070431,80.64454478209711,93.91770723502685,0.10140561919659376,71.77781679732927,76.31375176168731,92.78979410458618,0.008740129486931664,106.05314612388611,3:17:58,83.36823540047494,80.64454478209711,81.87234680039036,96.86346705945658,96.86346705945658,96.86346705945658,83.25025573676494,76.31375176168731,79.01849523235789,96.26006867796,96.26006867796,96.26006867796
113,train/val,0.11793268609630025,0.07930187856697518,0.09657701789199011,76.77799815778673,81.719097452753,93.9346316493247,0.1004902920871973,72.03307736467065,76.69323165745074,92.8453217420607,0.007750417800344363,106.08570837974548,3:19:44,83.67268353074905,81.719097452753,82.62117080342944,96.8724676458804,96.8724676458804,96.8724676458804,83.05082450112687,76.69323165745074,79.25066668707036,96.28993942227491,96.28993942227491,96.28993942227491
114,train/val,0.11599167889874915,0.07808550432040963,0.0947654353171263,77.00471764116172,81.7740712129433,93.97634849884932,0.10182668820023537,72.07956933731833,76.9386883325194,92.78788708843999,0.006746414238367822,106.08623218536377,3:21:30,83.86636939302223,81.7740712129433,82.72552110782775,96.89464641036564,96.89464641036564,96.89464641036564,82.80020294481882,76.9386883325194,79.32352881768901,96.2590425049622,96.2590425049622,96.2590425049622
115,train/val,0.12092960633985374,0.08125308228899604,0.09919130729268426,76.4599904749338,81.48228375746122,93.81930670797577,0.1021866662800312,71.58945194689824,76.1651672189483,92.76199118045177,0.005725453376319317,106.017587184906,3:23:16,83.49593784549171,81.48228375746122,82.40449122305621,96.81110545847913,96.81110545847913,96.81110545847913,83.14024625592182,76.1651672189483,78.87234484155455,96.24510580367867,96.24510580367867,96.24510580367867
116,train/val,0.12092485090555705,0.08141261821045824,0.09878057931833294,76.5956912774917,81.40254183896484,93.72851664934203,0.10149063754826784,72.15547349457016,76.84979429639462,92.82137556039424,0.0046837194216121526,105.92911839485168,3:25:02,83.75093857028966,81.40254183896484,82.44822853600205,96.76274641486587,96.76274641486587,96.76274641486587,83.03172674279885,76.84979429639462,79.3718640550875,96.27705983387858,96.27705983387858,96.27705983387858
117,train/val,0.11356757352452564,0.07647184554851898,0.09273931866957118,76.84990620938107,81.63303340689579,94.18350330270853,0.1033274232968688,71.43294575615023,76.0985748550527,92.63951431683198,0.003615313873979815,106.03342986106873,3:26:48,83.84586924625664,81.63303340689579,82.64017554986442,97.00463911796655,97.00463911796655,97.00463911796655,83.01111335053217,76.0985748550527,78.78178238120445,96.17914024063498,96.17914024063498,96.17914024063498
118,train/val,0.11734614754095674,0.07828969876889301,0.09764111967271437,76.10835018687929,81.16021211049225,94.0688893288933,0.10203035742044449,71.6663351896911,76.26215330913044,92.75102233060981,0.002509943091024878,106.15224647521973,3:28:34,83.27546317162863,81.16021211049225,82.11599883751042,96.94381170953419,96.94381170953419,96.94381170953419,83.10925771782216,76.26215330913044,78.95593779449167,96.23920144145507,96.23920144145507,96.23920144145507
119,train/val,0.12366787172125085,0.0828527478987108,0.10203780673201317,76.62290293382704,81.51641644134114,93.65439045187104,0.10176682021468877,71.67313101277651,76.22473779302109,92.78059477668805,0.0013450451987183818,106.26722002029419,3:30:21,83.64025476231238,81.51641644134114,82.4836686750105,96.72322970146858,96.72322970146858,96.72322970146858,83.16750635243653,76.22473779302109,78.97726218265085,96.255118295659,96.255118295659,96.255118295659
120,train/val,0.11898771059982803,0.07966389451378389,0.09830953741608106,76.31961467338745,81.20632875052074,93.92459452935454,0.10169178776443005,71.81675061611297,76.4840280058223,92.76245742414442,0.0,105.89306640625,3:32:06,83.62030718403874,81.20632875052074,82.29489159834125,96.86712998658568,96.86712998658568,96.86712998658568,83.12181122235003,76.4840280058223,79.0501563524866,96.2453567605592,96.2453567605592,96.2453567605592
