epoch,phase,train_total_loss,train_seg_loss,train_detail_loss,train_epnet_loss,train_miou,train_macc,train_aacc,val_total_loss,val_miou,val_macc,val_aacc,learning_rate,epoch_time_sec,total_training_time_str,train_Precision_Macro,train_Recall_Macro,train_F1_Macro,train_Precision_Micro,train_Recall_Micro,train_F1_Micro,val_Precision_Macro,val_Recall_Macro,val_F1_Macro,val_Precision_Micro,val_Recall_Micro,val_F1_Micro
1,train/val,3.8350837956304136,2.5221620746280835,1.3129217171150704,0.0,11.15905227364309,21.08292514531073,19.535128087222763,1.9596525263786315,15.317119912783788,24.3765143872458,34.33243190079687,0.0004962484327046984,33.00672149658203,0:00:33,18.770404708676143,21.08292514531073,17.59384316511327,32.685166946018256,32.685166946018256,32.685166946018256,29.413019096027064,24.3765143872458,19.961646997123943,51.11562623410409,51.11562623410409,51.11562623410409
2,train/val,3.277416309584742,2.2543284400649695,1.0230878740549088,0.0,11.795811014709487,22.207330424566642,22.214156665881152,1.9774045836925507,8.673634102464451,23.00438887129908,16.604569740370234,0.000492493711467861,30.242069959640503,0:01:03,20.44507956349752,22.207330424566642,18.45481695551211,36.35283713753717,36.35283713753717,36.35283713753717,23.67520341485489,23.00438887129908,14.257019773038751,28.48013551671549,28.48013551671549,28.48013551671549
3,train/val,3.118258491806362,2.200088972630708,0.9181695133447647,0.0,14.017354394881366,23.949312349943895,26.64527112254143,1.9213701272010804,14.659233006504607,28.04628069582692,32.274048689183026,0.0004887358068751748,31.033000946044922,0:01:34,22.157505650557958,23.949312349943895,21.61629686277496,42.07858830632464,42.07858830632464,42.07858830632464,25.727795158999285,28.04628069582692,21.557666741541716,48.798761373095104,48.798761373095104,48.798761373095104
4,train/val,3.080626868683359,2.2057422632756443,0.8748845982810726,0.0,13.761984595190674,24.650048332779885,23.948064544468057,1.8188101744651795,15.188375525465956,25.245033359081553,30.793193099557215,0.0004849746889841331,30.311124086380005,0:02:04,21.707686323224078,24.650048332779885,22.104775259995506,38.64209519121029,38.64209519121029,38.64209519121029,34.42842777993243,25.245033359081553,21.783599145683866,47.08684354256577,47.08684354256577,47.08684354256577
5,train/val,3.036911964416504,2.1782821002213852,0.8586298499418341,0.0,13.229459029360575,25.121897767129347,27.216615904919024,1.9119236731529237,15.384944675013621,28.715175698873512,30.300374650959295,0.0004812103273099131,31.168745040893555,0:02:35,22.048251855691113,25.121897767129347,21.39218316211797,42.787831937394984,42.787831937394984,42.787831937394984,29.1914397651344,28.715175698873512,22.686453767999478,46.508499660305795,46.508499660305795,46.508499660305795
6,train/val,3.0107079951659492,2.1703746189241824,0.8403333755938903,0.0,16.13564889825453,28.373409453618688,30.01711533817648,1.8188415050506592,17.04340542680379,34.552556448593734,24.580251728135273,0.00047744269081074987,30.038419723510742,0:03:05,24.140734419875123,28.373409453618688,24.94777878622064,46.17409832559584,46.17409832559584,46.17409832559584,32.61781087137087,34.552556448593734,24.903051604341655,39.46091196183393,39.46091196183393,39.46091196183392
7,train/val,2.980560116145922,2.160549828539724,0.8200102973243465,0.0,17.774689273405023,29.80846569838953,29.658460444616292,1.8220474123954773,17.80614888445573,36.102898438905456,24.362317220618525,0.00047367174787278453,29.967459678649902,0:03:35,26.583709474058487,29.80846569838953,26.893358260388162,45.74859263778614,45.74859263778614,45.74859263778614,31.365840110611494,36.102898438905456,26.364863813200586,39.17958070433799,39.17958070433799,39.17958070433799
8,train/val,2.933739960193634,2.1282843753047613,0.8054555855367495,0.0,21.205806296442002,33.71572706408932,37.1278901351161,1.69878054022789,26.59527481708465,41.55850913017826,45.34157702961869,0.00046989746629436113,30.189233541488647,0:04:05,30.01089509371424,33.71572706408932,30.542110422119638,54.15074949163574,54.15074949163574,54.15074949163574,36.53810320305632,41.55850913017826,37.110595136667506,62.393126531685674,62.393126531685674,62.393126531685674
9,train/val,2.9134297655976336,2.1008815208207006,0.8125482376502908,0.0,21.372614912541,34.92936672164768,36.576143653739216,1.7766693675518035,13.307630293593112,32.29816548808097,24.25937802566435,0.0004661198132697498,30.35610818862915,0:04:36,30.64866923841192,34.92936672164768,31.52927312569168,53.56154109383924,53.56154109383924,53.56154109383924,37.30516435002613,32.29816548808097,21.312503576715493,39.0463535406621,39.0463535406621,39.0463535406621
10,train/val,2.8613658884297246,2.0672276667926623,0.7941382112710372,0.0,21.87826691868087,36.44980430284176,38.15318684082451,1.7015411317348481,15.734670269949488,34.80269043771378,32.23764324409765,0.0004623387553722673,30.359020948410034,0:05:06,31.749129339536815,36.44980430284176,31.810057943337387,55.23316213441147,55.23316213441147,55.23316213441147,41.605856205564855,34.80269043771378,23.78048597850687,48.75713518969805,48.75713518969805,48.75713518969805
11,train/val,2.882440579974133,2.0847097713014353,0.7977308138557102,0.0,22.812985421683422,37.586439716950856,38.97614350617272,1.6272730875015258,22.36149951938984,37.5603391187302,35.915941399827084,0.000458554258536769,29.945741176605225,0:05:36,32.08282152497514,37.586439716950856,33.368412146444406,56.09040878939279,56.09040878939279,56.09040878939279,38.20882972568752,37.5603391187302,31.241932358620744,52.85022644131541,52.85022644131541,52.85022644131541
12,train/val,2.8633251734401868,2.0686901976232943,0.79463497063388,0.0,25.56324041407874,39.54792074570961,43.69550668656867,1.5585514855384828,29.383126618774984,49.838669976282866,46.15764520213146,0.00045476628804148113,30.595524787902832,0:06:07,35.12947808843406,39.54792074570961,36.318121389722876,60.81680310558093,60.81680310558093,60.81680310558093,38.90034141533549,49.838669976282866,40.06812865243018,63.16145164804329,63.16145164804329,63.16145164804329
13,train/val,2.8725238597911336,2.0828740985497185,0.7896497709595639,0.0,23.558601753244936,39.50782639368393,38.377889125054374,1.5894426810741424,21.06995279249657,43.54118105175766,34.9848499917684,0.0004509748084891432,30.564687252044678,0:06:37,33.75870806686318,39.50782639368393,34.28171209064887,55.468238990654996,55.468238990654996,55.468238990654996,30.43454622109068,43.54118105175766,30.502522954668542,51.83522446245165,51.83522446245165,51.83522446245165
14,train/val,2.793555780597355,2.0092799443265665,0.7842758252568867,0.0,23.418340628638575,39.45955609043868,37.49064458808565,1.5477118062973023,22.04802606199338,35.89348959597059,41.207224613196566,0.00044717978378742816,30.555301666259766,0:07:08,34.27951152686919,39.45955609043868,34.48863030785305,54.53555723795688,54.53555723795688,54.53555723795688,44.774082410520016,35.89348959597059,30.670919173481447,58.36418742181769,58.36418742181769,58.36418742181769
15,train/val,2.78621404585631,2.003660480613294,0.7825535412715829,0.0,28.64698812694308,44.01536872476059,47.73838103721838,1.4983114051818847,29.009589832642018,41.63621298684582,53.44191945097233,0.00044338117712860363,30.30425190925598,0:07:38,38.96633046195927,44.01536872476059,39.95592347580924,64.6255640573076,64.6255640573076,64.6255640573076,44.829438672487036,41.63621298684582,38.41852698335343,69.65752206723153,69.65752206723153,69.65752206723153
16,train/val,2.8295282617859217,2.043011375095533,0.7865168840988822,0.0,26.95861002178982,42.69973355624666,44.51115851561353,1.5222779619693756,28.117126291420615,47.67552986050319,47.000133956177976,0.00043957895096839955,30.135645151138306,0:08:08,36.29179308505021,42.69973355624666,37.945260924750635,61.60238278181733,61.60238278181733,61.60238278181733,40.13435680484468,47.67552986050319,38.08285567863317,63.94570221301856,63.94570221301856,63.94570221301856
17,train/val,2.7643394159234087,1.9828077023443968,0.7815316993257274,0.0,27.800574555573952,44.26147358857232,45.23026087375005,1.5032873022556306,28.710278761061335,47.55182461009663,44.019011284574226,0.0004357730670040415,30.03460955619812,0:08:38,38.40876598006451,44.26147358857232,39.11440413757545,62.28765355323449,62.28765355323449,62.28765355323449,45.79691992845838,47.55182461009663,40.43916773285503,61.12944519191971,61.12944519191971,61.12944519191971
18,train/val,2.7746685250945715,1.9913698279339334,0.7832987016957739,0.0,27.732972887496217,45.6259928833205,42.34064305583073,1.4759846889972688,27.360736323651302,47.860595452888376,38.64030549549638,0.00043196348615140955,30.412405967712402,0:09:09,38.34882331570647,45.6259928833205,39.69820259119128,59.49199349791237,59.49199349791237,59.49199349791237,40.05574248386364,47.860595452888376,38.62292433893187,55.74180662311304,55.74180662311304,55.74180662311304
19,train/val,2.752497452756633,1.9680651581805686,0.7844322829142861,0.0,29.29853612855065,47.37095924302958,46.47903938077976,1.4315975284576417,31.889880107112738,51.99704244468474,55.12270769030586,0.0004281501685212787,30.680118322372437,0:09:39,39.20786827497248,47.37095924302958,40.785950230972915,63.46169332795134,63.46169332795134,63.46169332795134,43.24126759298642,51.99704244468474,43.00607653092431,71.06981113346136,71.06981113346136,71.06981113346136
20,train/val,2.693635538868282,1.9155404477015785,0.778095090518827,0.0,32.745140896987664,48.778184758458266,52.43300663343723,1.3612395787239076,37.117032770048084,51.73722413483822,61.41559103809841,0.00042433307339459345,30.363264322280884,0:10:10,42.95011070688691,48.778184758458266,44.610815701675065,68.79482048074448,68.79482048074448,68.79482048074448,52.474816700611996,51.73722413483822,47.9952959678101,76.09623165038957,76.09623165038957,76.09623165038957
21,train/val,2.696867849515832,1.9208773011746614,0.7759905444539111,0.0,33.31231299972427,48.705849966827145,54.22380326601212,1.3797993850708008,31.486632034062424,53.17288753036773,57.073610013840955,0.00042051215919672877,30.148558378219604,0:10:40,43.02857770434657,48.705849966827145,44.598135348616154,70.3183323426209,70.3183323426209,70.3183323426209,40.95255380864611,53.17288753036773,42.122112242168356,72.67116355040388,72.67116355040388,72.67116355040388
22,train/val,2.687890949456588,1.9052419105301732,0.7826490428136743,0.0,30.663244828775326,46.781854731405716,47.919990563972306,1.3557981550693512,30.779490197494496,50.04606159653721,45.727575996116826,0.0004166873834706844,30.570372819900513,0:11:10,42.02430792603851,46.781854731405716,43.08697299250749,64.79177071505816,64.79177071505816,64.79177071505816,46.31613131388024,50.04606159653721,41.81632044026038,62.75761561742483,62.75761561742483,62.75761561742483
23,train/val,2.6662909647692805,1.8851180841093478,0.7811728722375372,0.0,31.75439988143296,50.25836213955927,49.43453559450546,1.3067689144611359,31.961507447558894,48.637366637674475,49.204963598777866,0.0004128587028491566,31.32300066947937,0:11:42,41.80241389574023,50.25836213955927,43.82106778817402,66.16212965475046,66.16212965475046,66.16212965475046,46.72364682385982,48.637366637674475,42.370231150036005,65.95620200825665,65.95620200825665,65.95620200825665
24,train/val,2.618346395699874,1.8459776795428733,0.772368729762409,0.0,29.75992290324674,47.13392148951986,44.75178640413105,1.3174885761737825,38.45449588619614,55.18879359082344,60.375277210027726,0.00040902607302542923,31.029471158981323,0:12:13,41.01380398585894,47.13392148951986,42.28784073502222,61.8324478278824,61.8324478278824,61.8324478278824,52.83351071082537,55.18879359082344,49.679310023561975,75.29249926840053,75.29249926840053,75.29249926840053
25,train/val,2.665460200413414,1.8958808714928834,0.7695793315120365,0.0,34.81548982219715,50.4075245034863,54.64309452169385,1.3302551054954528,34.434266525718826,53.91094783805017,52.07157447831503,0.0004051894487230202,30.380216598510742,0:12:43,45.68710550334268,50.4075245034863,46.95236312433936,70.66994448178005,70.66994448178005,70.66994448178005,48.05570642175711,53.91094783805017,46.260603228770236,68.48298198653858,68.48298198653858,68.48298198653858
26,train/val,2.590614191863848,1.8225309421186862,0.7680832432663959,0.0,34.419083739333914,50.43981695436822,54.877253741344646,1.24225750207901,37.150155008588165,46.11647109425847,65.66786533647308,0.0004013487836640184,30.761125802993774,0:13:14,44.87078632642035,50.43981695436822,46.746860970790344,70.86547884299824,70.86547884299824,70.86547884299824,56.29998277308362,46.11647109425847,48.13083080110351,79.2765274099488,79.2765274099488,79.2765274099488
27,train/val,2.5463865477105845,1.7790887122568877,0.767297832214314,0.0,36.99858288123413,53.17247897646467,57.317966868183404,1.2404626846313476,39.52546348905127,58.138654734233356,62.64888715353973,0.000397504030536037,30.730063676834106,0:13:45,47.52578058240925,53.17247897646467,48.932072760189946,72.86893926897756,72.86893926897756,72.86893926897756,49.86204131839088,58.138654734233356,51.064193404540525,77.03574029916295,77.03574029916295,77.03574029916295
28,train/val,2.5580708047618037,1.781692613726077,0.7763781884442205,0.0,37.232384924961366,55.06420773835742,57.101154867743794,1.2216250598430634,37.695494924772724,56.8919313766605,64.24163155280452,0.0003936551409577103,30.598066329956055,0:14:15,47.36330745242981,55.06420773835742,49.452752970535805,72.69348836526966,72.69348836526966,72.69348836526966,53.00088238896761,56.8919313766605,48.83904829460546,78.22819457580768,78.22819457580768,78.22819457580768
29,train/val,2.5467676857243413,1.7838028708229894,0.7629648097183394,0.0,35.762415649038374,53.59264705073588,56.73976379036062,1.2645356667041778,37.69040414598141,56.69099185715404,55.310269018270496,0.00038980206544265153,30.26310706138611,0:14:46,45.44973651835538,53.59264705073588,48.10175726556493,72.39996082455507,72.39996082455507,72.39996082455507,50.63723306049378,56.69099185715404,49.99380611529345,71.22551440789002,71.22551440789002,71.22551440789002
30,train/val,2.4469734482143237,1.6979853821837383,0.7489880465942881,0.0,39.9402016896403,54.26913021537818,61.808564579274304,1.1690254127979278,43.641194388082255,57.383787010907305,72.55676942739542,0.00038594475336178527,30.657833099365234,0:15:16,51.66282779873354,54.26913021537818,52.43309784896451,76.39714837095988,76.39714837095988,76.39714837095988,56.25347017754089,57.383787010907305,54.821300982993,84.09611476636302,84.09611476636302,84.09611476636302
31,train/val,2.5249700883160466,1.7629206556340922,0.7620494262031887,0.0,38.654100708711766,54.8091208095815,59.80317519990553,1.1861540544033051,41.917950858596114,57.84947439926711,64.59827410859167,0.00038208315290396355,30.541054248809814,0:15:47,50.08492966901604,54.8091208095815,51.07752491328621,74.84604123177758,74.84604123177758,74.84604123177758,53.263445988759436,57.84947439926711,53.59178326715123,78.49204307692044,78.49204307692044,78.49204307692044
32,train/val,2.5484250058298525,1.7951181867848272,0.7533068300589271,0.0,39.16544988594564,55.475515926854676,60.08341243189474,1.2130916976928712,35.036932043003496,54.82794109186161,63.00873205751514,0.00037821721103476613,30.271167516708374,0:16:17,49.528371462558525,55.475515926854676,51.36915727566799,75.06513200729825,75.06513200729825,75.06513200729826,45.58056615306414,54.82794109186161,44.80725526900322,77.30718626200157,77.30718626200157,77.30718626200157
33,train/val,2.483137327691783,1.7272885376992433,0.7558487971191821,0.0,38.990388254674464,55.764185950141545,60.48774945161155,1.221863615512848,36.50859988663056,56.8050310217378,57.6740853910018,0.00037434687345337946,30.534035205841064,0:16:48,49.05557037604261,55.764185950141545,51.0243296195678,75.3798961706409,75.3798961706409,75.3798961706409,48.994435566836984,56.8050310217378,48.91686729249912,73.15607412338055,73.15607412338055,73.15607412338055
34,train/val,2.5857078951338064,1.8080662113168966,0.7776416753945143,0.0,35.67758953272181,54.02570309913689,54.59317198537781,1.2252569556236268,33.5135148900819,56.36542549777683,49.64078130792159,0.00037047208454744316,31.369033813476562,0:17:19,46.10385119595049,54.02570309913689,48.18667740230153,70.62818012498185,70.62818012498185,70.62818012498185,45.09919152182329,56.36542549777683,45.23522524382695,66.34659465693893,66.34659465693893,66.34659465693893
35,train/val,2.463923392088517,1.7022181606811027,0.7617052307595378,0.0,40.91480734089718,56.533824909633665,63.065003033135184,1.1556288003921509,43.16897403687792,60.675318950773416,70.4493907933965,0.00036659278734574096,30.522674560546875,0:17:49,51.361991956829776,56.533824909633665,53.048708190003104,77.34952547766515,77.34952547766515,77.34952547766515,52.793946108434916,60.675318950773416,54.722462062778035,82.66311831972337,82.66311831972337,82.66311831972335
36,train/val,2.385322127653205,1.6280013918876648,0.7573207390049229,0.0,42.31777464709944,58.697805508025546,63.422008735057766,1.1192136120796203,46.48120285252231,63.604694639930415,76.18789543497464,0.00036270892346860996,30.137436628341675,0:18:20,52.63504555981181,58.697805508025546,54.63191512004706,77.61746318744434,77.61746318744434,77.61746318744434,56.147902367543736,63.604694639930415,57.56727723249318,86.48482376939813,86.48482376939813,86.48482376939813
37,train/val,2.4393332367358,1.6858168866323389,0.753516361117363,0.0,39.47959941498836,56.32929543179901,59.856845088120856,1.172226071357727,38.3882857566638,63.85049369230311,59.44071665128185,0.0003588204330759254,29.957924127578735,0:18:50,49.92058406180707,56.32929543179901,51.93203075580759,74.88806007040219,74.88806007040219,74.88806007040219,48.03149250073246,63.85049369230311,49.2435457566976,74.56152719293986,74.56152719293986,74.56152719293986
38,train/val,2.463854292164678,1.699821456618931,0.7640328485032787,0.0,39.285692002860415,58.22924283003861,59.33261108400729,1.1893182682991028,38.87689358392585,59.636291376019656,60.61686836265412,0.0003549272548125162,30.05754542350769,0:19:20,49.08604955413958,58.22924283003861,52.14686742147776,74.476418456137,74.476418456137,74.476418456137,50.10156322522538,59.636291376019656,51.55119868554756,75.48007750442291,75.48007750442291,75.48007750442291
39,train/val,2.3966574824374653,1.643529167641764,0.7531283122041951,0.0,42.17908782650458,58.27479144790085,63.762657455289016,1.096408485174179,40.74120682116161,58.846226904760435,62.438465365608195,0.000351029325750848,30.23763418197632,0:19:50,53.04065270132896,58.27479144790085,54.545592596191874,77.87203559846688,77.87203559846688,77.87203559846688,53.03459280685122,58.846226904760435,53.323296761787475,76.8764531542143,76.8764531542143,76.8764531542143
40,train/val,2.3216896134874094,1.5744318145772684,0.747257794375005,0.0,45.31209130239194,60.79793458142173,67.33478771030882,1.0622757542133332,47.986328895089535,63.652190860371974,74.86927071847899,0.00034712658133080355,29.89571237564087,0:20:20,55.48594442230665,60.79793458142173,57.37874247026693,80.47912646458103,80.47912646458103,80.47912646458103,58.66069973753616,63.652190860371974,59.654825414914,85.62884766530603,85.62884766530603,85.62884766530603
41,train/val,2.383446491282919,1.6383656107861062,0.7450808785531832,0.0,41.027460391525025,57.131292260405196,63.424160478090826,1.0630259424448014,39.826866239526936,61.84605773918395,68.53503010160135,0.00034321895529637397,29.918503046035767,0:20:50,51.42849561964601,57.131292260405196,53.206476171532955,77.619074551212,77.619074551212,77.619074551212,50.513240123875356,61.84605773918395,50.704225985694585,81.33030867266585,81.33030867266585,81.33030867266585
42,train/val,2.303720051827638,1.5587989389896393,0.7449211089507394,0.0,45.247740970113846,61.30946892795893,67.40581024669467,1.0301791912317275,47.53271021862138,66.19754631277513,71.73359411590864,0.0003393063796290625,30.095646381378174,0:21:20,55.129363787488394,61.30946892795893,57.38331931814826,80.52983363882444,80.52983363882444,80.52983363882446,57.91032276927125,66.19754631277513,59.08544582596381,83.54054951821865,83.54054951821865,83.54054951821865
43,train/val,2.3576654040295146,1.602163437915885,0.7555019784232845,0.0,43.82955774451874,60.634920947607796,61.227748278118966,1.0968353962898254,46.87431488609375,65.36411597806556,71.51353741238087,0.00033538878447778416,30.54325580596924,0:21:50,54.73734471970116,60.634920947607796,56.47678212520923,75.95187420530203,75.95187420530203,75.95187420530203,55.95008684794733,65.36411597806556,58.19978073105221,83.39112876021714,83.39112876021714,83.39112876021716
44,train/val,2.3321989023167156,1.5795100681159808,0.7526888400316238,0.0,47.31032264403092,61.49161113119792,71.0523447327049,1.0346117532253265,50.079710805116854,66.3008206979975,78.16946952715621,0.0003314660980850309,30.508742809295654,0:22:21,57.85456742494557,61.49161113119792,58.982879438943094,83.07672700276036,83.07672700276036,83.07672700276036,58.318809602538344,66.3008206979975,60.98918872844449,87.74732251783664,87.74732251783664,87.74732251783665
45,train/val,2.34444601898608,1.593872992888741,0.7505730345197346,0.0,46.849471758495156,60.53009747370533,70.39084870194678,1.0088610076904296,49.14054976142902,66.28448339007437,78.66766329602515,0.0003275382467090493,30.5659921169281,0:22:51,57.90861405981701,60.53009747370533,58.86977143450968,82.62280426230724,82.62280426230724,82.62280426230724,56.66179778751912,66.28448339007437,59.6660107462101,88.06032590876256,88.06032590876256,88.06032590876256
46,train/val,2.2555617158827572,1.5145128434119017,0.7410488698793494,0.0,47.78750078327917,62.149288794982695,69.03456876465437,0.9997728842496872,50.06146077545451,65.79309766815047,77.32011121207023,0.0003236051545417615,30.152472496032715,0:23:22,58.892943618663864,62.149288794982695,59.837065937912605,81.6810067540335,81.6810067540335,81.6810067540335,59.87941516061286,65.79309766815047,61.0526246803499,87.20963536910644,87.20963536910644,87.20963536910644
47,train/val,2.315437718578007,1.5684834291105685,0.7469542927068212,0.0,46.04206841577737,60.34793765903227,68.38200899176266,1.0054171085357666,47.18391018515256,67.18641447123791,74.47497577016564,0.00031966674362213406,29.94780921936035,0:23:51,57.40173033219076,60.34793765903227,58.261740135038266,81.22246480039081,81.22246480039081,81.22246480039081,54.32860241423408,67.18641447123791,58.45652038653739,85.37038098606287,85.37038098606287,85.37038098606287
48,train/val,2.3248437720796336,1.5692788647568745,0.7555649099142655,0.0,47.15577021341289,63.19634151428294,68.01959094344724,0.9933033579587937,45.791491485601895,57.80334159307107,71.61854258124681,0.00031572293374467766,30.076143741607666,0:24:22,57.42562546133112,63.19634151428294,59.238740623208855,80.96626180496007,80.96626180496007,80.96626180496007,62.17729355818583,57.80334159307107,57.20316660936216,83.46247614513042,83.46247614513042,83.46247614513044
49,train/val,2.3221703547498453,1.5794861640619196,0.7426841861527899,0.0,47.432250563485276,60.536070220626605,70.90192500868078,0.9729607939720154,46.17152608469237,58.727034075841814,75.4496027397694,0.0003117736423627317,30.238364696502686,0:24:52,58.660527917002526,60.536070220626605,59.351769756298054,82.9738167139772,82.9738167139772,82.97381671397719,59.54574384310247,58.727034075841814,57.394913056773376,86.00715141165394,86.00715141165394,86.00715141165394
50,train/val,2.3105155346186264,1.556717644567075,0.7537978829249091,0.0,46.970590666708546,62.04315462674518,67.6067105409419,1.0016060417890549,46.10436174620927,67.25039370803907,69.69314361654271,0.00030781878448615926,30.570032835006714,0:25:22,57.80018542549198,62.04315462674518,59.12987973808493,80.6730354921289,80.6730354921289,80.6730354921289,54.120514217253515,67.25039370803907,58.05371502467961,82.14019981152451,82.14019981152451,82.14019981152451
51,train/val,3.2853688157123067,1.5251967038797296,0.748269119988317,1.0119029892527538,46.25742244572567,61.44177771350585,65.72304685052161,0.9550903326272965,46.6890071081447,64.5410137516447,72.48946429463278,0.0003038582725730446,91.58059787750244,0:26:54,57.53461948865698,61.44177771350585,58.85885364464761,79.31672522265693,79.31672522265693,79.31672522265693,55.43088738202315,64.5410137516447,57.584278317842866,84.05088924250127,84.05088924250127,84.05088924250127
52,train/val,3.3045443374177683,1.561324084582536,0.751763087251912,0.9914571565130482,46.04208076108796,60.73277526325883,69.25197295794902,0.9593184751272201,43.14877383235787,55.850521230014316,70.8675796431376,0.0002998920164149494,91.09534573554993,0:28:25,57.34208230513696,60.73277526325883,58.086387626700564,81.83298752464742,81.83298752464742,81.83298752464742,57.56913678255642,55.850521230014316,55.28768177858478,82.95029377854688,82.95029377854688,82.95029377854688
53,train/val,3.274867013744686,1.5353760434233623,0.7462250506100447,0.9932659333166869,44.72771285521727,58.85092644370145,65.13462908487872,0.9161920243501663,42.894334468022,59.29870661583379,70.63199977521764,0.0002959199230152446,90.35928416252136,0:29:55,56.538326938350906,58.85092644370145,57.41065820502337,78.88669922939023,78.88669922939023,78.88669922939023,55.87031861820901,59.29870661583379,54.641675359305644,82.78869129854286,82.78869129854286,82.78869129854286
54,train/val,3.258253074210623,1.5332363040550896,0.7416787944410158,0.9833379757145176,45.67630439602491,60.20525725267558,67.27837527329199,0.8977366954088211,47.924374852222314,61.14409230475455,77.05061651247597,0.00029194189645999016,90.34930324554443,0:31:26,56.61824840960893,60.20525725267558,57.75930640547497,80.43881961834644,80.43881961834644,80.43881961834644,59.82776926184526,61.14409230475455,58.631045899285716,87.03795336069508,87.03795336069508,87.03795336069508
55,train/val,3.178113102912903,1.49478988673376,0.7411513244328292,0.9421719124783641,49.79555132216748,62.2398500948914,72.97797095748358,0.8538755393028259,50.25277925118643,58.96825767504329,78.88031394354373,0.00028795783778078554,90.0692458152771,0:32:56,61.01892012591694,62.2398500948914,61.349818467627735,84.37834084135592,84.37834084135592,84.37834084135592,69.50339270847094,58.96825767504329,61.33623623490827,88.19339837299154,88.19339837299154,88.19339837299154
56,train/val,3.1331977870153342,1.4887614250183105,0.7397879770268565,0.9046483739562656,49.73351360040334,61.410780705010296,72.9102079572787,0.8600955075025558,46.19374747390266,58.72422000620132,78.62544501058507,0.00028396764480896164,90.23918557167053,0:34:26,61.557554214291585,61.410780705010296,61.388736729141016,84.33302905435495,84.33302905435495,84.33302905435495,59.753820096381226,58.72422000620132,57.34770794513572,88.03386886557605,88.03386886557605,88.03386886557605
57,train/val,3.161680415920589,1.4833505335061445,0.7421479289946349,0.9361819676730944,48.08311197267571,63.23176279103859,68.87847456982485,0.9075838172435761,40.78464156979196,57.79318241827487,57.411416629627645,0.00027997121202042266,90.32037997245789,0:35:56,58.33520206201522,63.23176279103859,60.179101255785994,81.57164463413744,81.57164463413744,81.57164463413744,56.51745374134093,57.79318241827487,53.26123874980664,72.94441262124032,72.94441262124032,72.9444126212403
58,train/val,3.0896591829216997,1.4490105133989584,0.7292346222245175,0.9114140226789142,47.50676933064883,59.07772034778035,70.15614106439034,0.8547948253154755,52.30835570868819,65.97952714303672,79.68608805446289,0.0002759684303703797,90.09370064735413,0:37:26,60.218187876345276,59.07772034778035,59.49634262447939,82.46089812044094,82.46089812044094,82.46089812044094,63.397156433797164,65.97952714303672,63.495761431997785,88.69477756153277,88.69477756153277,88.69477756153277
59,train/val,3.254155324852985,1.590159491352413,0.7532585496487825,0.9107372695985048,47.405949411444496,59.64462800491883,70.55917987554173,0.8736740428209305,49.33605011687685,63.091290359438354,74.48129429085381,0.0002719591871171457,90.1585750579834,0:38:57,60.39841999350505,59.64462800491883,59.665880707556965,82.73864816543944,82.73864816543944,82.73864816543944,62.10514879391439,63.091290359438354,61.356188016507026,85.37453208788818,85.37453208788818,85.37453208788818
60,train/val,3.050955329252326,1.433401583329491,0.7375367381002592,0.8800170168928478,51.539683568606186,62.96681791689953,73.84237421462151,0.8131466525793075,51.49570532713701,68.07682185709963,77.89352668498837,0.0002679433656340733,90.17750310897827,0:40:27,63.95466558845173,62.96681791689953,63.348579370056825,84.95325095302431,84.95325095302431,84.95325095302431,61.202924428976445,68.07682185709963,62.96281554022378,87.57319969592963,87.57319969592963,87.57319969592963
61,train/val,3.084172619425732,1.464111232239267,0.7414198200339857,0.8786415794621343,49.94101329335665,62.805401926018774,71.1710695778939,0.823945135474205,50.219976372933,62.670208717278456,74.66051465915827,0.00026392084520862976,90.61939024925232,0:41:57,61.685109652184,62.805401926018774,62.10549183621321,83.15782538883589,83.15782538883589,83.15782538883589,63.061477538470044,62.670208717278456,61.976877199830085,85.4921500773712,85.4921500773712,85.4921500773712
62,train/val,3.072045860083207,1.4428135195504064,0.7365676164627075,0.892664711760438,51.03079140621033,64.98972994947316,71.83049367895248,0.8316263025999069,47.09764004234068,60.418816444759585,75.83737673873132,0.0002598915008274931,90.94380593299866,0:43:28,61.661047911776,64.98972994947316,62.96441993126183,83.60622394900446,83.60622394900446,83.60622394900446,59.19260762212753,60.418816444759585,58.98086252011366,86.25853973175975,86.25853973175975,86.25853973175975
63,train/val,3.0552770210349043,1.4578292149564493,0.7338443683541339,0.8636034416115802,51.22477653093802,62.74036108815738,75.96831140417018,0.7695425450801849,54.64985354201144,63.70860990576646,82.97614860082544,0.0002558552029464411,90.89014792442322,0:44:59,62.97617781298778,62.74036108815738,62.80445309632594,86.34317258370857,86.34317258370857,86.34317258370857,71.46189219669135,63.70860990576646,65.64231966218905,90.69613633834143,90.69613633834143,90.69613633834143
64,train/val,3.0522509735563528,1.4446250563082488,0.7460219127976376,0.8616039940844411,51.381004596851476,64.8994085520515,74.11247357645786,0.8198935687541962,49.77317138878597,63.22354121758673,77.30894064145724,0.00025181181724366923,90.8792552947998,0:46:30,62.11459010714956,64.8994085520515,63.27093405410399,85.13172210365838,85.13172210365838,85.13172210365838,62.20207776275086,63.22354121758673,61.598577566995324,87.2025295078452,87.2025295078452,87.2025295078452
65,train/val,3.041692000368367,1.4421551603337992,0.7345291849063791,0.8650076596633248,50.842049857757665,63.87574065241313,74.16844277572525,0.830493488907814,50.858166216142195,66.78336691392609,76.76378482519475,0.0002477612043550276,90.90545845031738,0:48:01,62.48158519442231,63.87574065241313,63.06026663559074,85.1686351369991,85.1686351369991,85.1686351369991,62.010022900813354,66.78336691392609,63.09609985046799,86.8546517049383,86.8546517049383,86.8546517049383
66,train/val,2.9902863657992818,1.4036398594794066,0.7343244047268577,0.8523220957621284,52.99610690716195,65.57748287004385,74.85689294822687,0.7957798677682877,51.23003200591817,62.39990742803505,80.36169794567944,0.00024370321958949772,90.18541502952576,0:49:31,64.14597649143884,65.57748287004385,64.63761024288138,85.6207515598383,85.6207515598383,85.62075155983831,65.22836570768558,62.39990742803505,62.44655698516911,89.11171147865599,89.11171147865599,89.11171147865599
67,train/val,3.0447383574817493,1.4520182829836141,0.7318216769591622,0.860898402074109,52.37828109079309,64.80301147796146,75.46417364304247,0.7935523158311844,47.201698313007775,61.02703860684557,77.54317380644753,0.0002396377126230414,90.11953163146973,0:51:01,63.60144336074224,64.80301147796146,64.03600304816987,86.01661761057146,86.01661761057146,86.01661761057146,60.81477665081428,61.02703860684557,58.796600588763006,87.35134350023827,87.35134350023827,87.35134350023827
68,train/val,3.0298405030499334,1.4606667238733042,0.728669312985047,0.8405044713745946,53.433662447145515,65.73330485843928,77.40557191186103,0.7877899497747421,52.839133224811604,62.82569920317981,79.00429253138553,0.00023556452716873652,90.19941878318787,0:52:32,64.61189292047385,65.73330485843928,64.94936808877027,87.26396930792886,87.26396930792886,87.26396930792886,68.82304121018952,62.82569920317981,64.59133850031867,88.2708357594647,88.2708357594647,88.2708357594647
69,train/val,3.028672262378361,1.4301645716895228,0.7443125578372375,0.8541951322037241,52.49470197241223,64.96764374087502,73.42933072092231,0.800732536315918,52.65450215917081,66.78246758789966,76.12364933053058,0.0002314835006208722,90.27517461776733,0:54:02,64.14224064491741,64.96764374087502,64.33153610926463,84.67925282959521,84.67925282959521,84.67925282959521,63.34255413180618,66.78246758789966,64.07171801646258,86.44341588410948,86.44341588410948,86.44341588410948
70,train/val,2.9379195259964983,1.3718851208686829,0.7360770041527955,0.8299574093974155,54.35490830617431,67.19481909694095,77.62338594449943,0.7825970214605331,51.94194408405608,59.98056420478027,80.36867930898009,0.00022739446367039517,90.32466149330139,0:55:32,64.2122207659327,67.19481909694095,65.48655763763878,87.40221399535059,87.40221399535059,87.40221399535059,72.931007764945,59.98056420478027,63.441810133756285,89.11600352886627,89.11600352886627,89.11600352886629
71,train/val,2.9609648274338762,1.3978340405484904,0.7417354765145675,0.8213953058356824,54.46098628044438,66.52989032288353,76.76073384692388,0.7360070389509201,55.237258973362735,64.38122998498666,81.55246068961183,0.00022329723988878179,90.31723690032959,0:57:02,65.23386841479304,66.52989032288353,65.71585981076716,86.85269875989455,86.85269875989455,86.85269875989455,72.20612061479935,64.38122998498666,66.3739009965163,89.83900342616303,89.83900342616303,89.83900342616303
72,train/val,3.142063617706299,1.5559886525506559,0.7498469326807105,0.8362280305313028,52.73023373244274,65.74490431066108,76.23305433423604,0.8078099972009659,48.14291436879664,63.26935657353179,67.35436710272855,0.00021919164527704348,91.80986523628235,0:58:34,63.69362797964627,65.74490431066108,64.53270590724892,86.51391150454182,86.51391150454182,86.51391150454182,61.559050728503436,63.26935657353179,61.2361803650608,80.49310964366272,80.49310964366272,80.49310964366272
73,train/val,2.9438167654949687,1.3892979984698088,0.7381932456856188,0.8163255096777625,53.74934193314919,66.57178690972928,76.35004502924365,0.7629640036821366,55.98200231212588,65.20219534854529,83.86500009726204,0.00021507748777615734,90.37544131278992,1:00:05,64.65766575368389,66.57178690972928,65.45174911709807,86.58919822400128,86.58919822400128,86.58919822400128,69.92042702324906,65.20219534854529,66.43293026734204,91.2245398013745,91.2245398013745,91.2245398013745
74,train/val,2.948733954325966,1.4001006030518075,0.7441490668317546,0.8044842786115148,55.37185853920179,66.96515727377043,78.63434209190892,0.760071513056755,54.232559873248675,68.8059783676918,78.05173372151906,0.00021095456673472888,90.16661167144775,1:01:35,66.01507490452074,66.96515727377043,66.36945856420066,88.03944546278886,88.03944546278886,88.03944546278886,63.79578689318875,68.8059783676918,65.46171931534943,87.67309600432814,87.67309600432814,87.67309600432813
75,train/val,2.8985740905222683,1.3689860973669135,0.7348536816628083,0.7947343186191891,55.63486686450246,66.66347480575038,79.0202322904815,0.7530592179298401,56.77748909121326,67.37597246476538,83.20426779132849,0.0002068226723291381,90.11195039749146,1:03:05,66.88151406552558,66.66347480575038,66.67049724955251,88.28078399793586,88.28078399793586,88.28078399793586,68.83329626171272,67.37597246476538,67.36549939547103,90.8322374739643,90.8322374739643,90.8322374739643
76,train/val,2.8708306758300117,1.3585104553595833,0.7411497520363849,0.7711704697297967,57.03576748365828,68.72053068915818,79.70856798720824,0.7247311353683472,57.374470563208824,64.33729373936995,83.00525270930139,0.0002026815849307756,91.23040556907654,1:04:36,67.52133829246016,68.72053068915818,68.04890045113119,88.70870084823329,88.70870084823329,88.70870084823329,74.05255016576537,64.33729373936995,68.08549257168846,90.7135193995255,90.7135193995255,90.7135193995255
77,train/val,2.848463605279508,1.346315631399984,0.7342089809801268,0.7679389767024828,57.198993509287575,67.98110911703384,79.41866966048602,0.7116639548540116,55.855461272419916,68.78592924769265,83.5526140704722,0.0001985310744142257,90.93301939964294,1:06:07,68.431111835646,67.98110911703384,68.10478873396838,88.5288803119207,88.5288803119207,88.5288803119207,67.20765516227274,68.78592924769265,66.78715794239754,91.03941612990972,91.03941612990972,91.03941612990972
78,train/val,2.8856370319490847,1.3736372862173163,0.7376703147007071,0.774329423904419,55.507436383850106,67.01516970851284,78.4210063220122,0.6996026015281678,53.469307054119334,59.651293954710916,82.59622880020491,0.00019437089939938174,90.82813143730164,1:07:38,66.22401353248682,67.01516970851284,66.41931768128867,87.90557562541584,87.90557562541584,87.90557562541584,74.94411312720541,59.651293954710916,64.63433259674896,90.46871268144419,90.46871268144419,90.46871268144419
79,train/val,2.8248917356781336,1.3333173640396283,0.7327372399361237,0.7588371284629988,57.216773205296214,68.44643116010128,79.39222161473386,0.6975892066955567,58.047351880469755,66.21853012640354,85.1820021237068,0.00019020080641945583,91.06473517417908,1:09:09,68.22418138648739,68.44643116010128,68.28744547297654,88.51244596907674,88.51244596907674,88.51244596907672,73.28666251603458,66.21853012640354,68.75402129263901,91.99814360663711,91.99814360663711,91.99814360663713
80,train/val,2.889687735101451,1.3827119067959164,0.7426555843456931,0.764320261452509,56.42229684335768,68.17141749373337,79.01351911249196,0.7158059537410736,58.42396539505255,69.4792148631435,84.81960238926376,0.00018602052900565077,90.99372148513794,1:10:40,67.24289937912351,68.17141749373337,67.58269795971594,88.27659442060343,88.27659442060343,88.27659442060343,69.07610872780165,69.4792148631435,68.74019028270226,91.78637037711857,91.78637037711857,91.78637037711857
81,train/val,2.835132142771845,1.3450767333092897,0.7355846833923588,0.7544707008030104,58.323343639773526,69.40814571962247,79.9239169163503,0.677245762348175,57.150616286094,67.26709877801302,83.92272930106307,0.0001818297866778471,90.9931812286377,1:12:11,69.4029328578871,69.40814571962247,69.35317566821394,88.84190416275595,88.84190416275595,88.84190416275595,69.68682795891038,67.26709877801302,67.76861657053819,91.25868196930676,91.25868196930676,91.25868196930676
82,train/val,2.7979974357978157,1.3265744784603948,0.7357803401739701,0.7356426236422166,57.35305061407199,68.50939241929794,79.42389658053827,0.6941528975963592,58.52592003769369,69.14605430541312,83.1679115867217,0.00017762828382899407,91.15635585784912,1:13:42,68.41468542223393,68.50939241929794,68.4053106898639,88.53212765322722,88.53212765322722,88.53212765322722,70.13949452966433,69.14605430541312,69.32925657379265,90.81056923810092,90.81056923810092,90.81056923810092
83,train/val,2.757732606452444,1.306180276300596,0.7289379666680875,0.7226143531177355,58.96807041002108,68.64900500362864,81.22221170786408,0.6567635220289231,58.05707292996804,70.41127253726673,84.10348382655009,0.000173415708488908,90.22189211845398,1:15:12,71.453734094033,68.64900500362864,69.96878878314104,89.63825233387709,89.63825233387709,89.63825233387709,68.20408122552315,70.41127253726673,69.0090703180189,91.36544521426518,91.36544521426518,91.36544521426518
84,train/val,2.7645299616067307,1.3139308768769968,0.7255114679751189,0.7250876238812571,58.45641709654868,69.23652361336043,80.81932247725842,0.6698546147346497,59.141518943265915,68.52830745108616,85.80423582554377,0.00016919173095082495,90.08344411849976,1:16:42,69.27288737308582,69.23652361336043,69.22023372121055,89.39235184605123,89.39235184605123,89.39235184605123,72.11253146717601,68.52830745108616,69.60063371210559,92.35982747573904,92.35982747573904,92.35982747573904
85,train/val,2.748806841995405,1.3034359372180442,0.7299713615490042,0.7153995587773945,59.62927932295027,70.43366055962626,80.33694782102312,0.6736380743980408,56.78188511594793,65.13378666062022,81.77568988928718,0.00016495600224122195,90.61350083351135,1:18:13,70.56938137170964,70.43366055962626,70.47792027338548,89.09649275061945,89.09649275061945,89.09649275061945,73.04817961677155,65.13378666062022,67.94234228223995,89.97428637360002,89.97428637360002,89.97428637360002
86,train/val,2.796231904755468,1.3385815451974454,0.7322290785934614,0.7254212822603143,58.288969921660616,69.4745787314901,79.83243311541888,0.6673961073160172,55.52336677248142,63.520088510635986,83.03423075250176,0.0001607081524100206,90.30564904212952,1:19:43,69.42361078705537,69.4745787314901,69.3263001437905,88.7853561589542,88.7853561589542,88.78535615895419,74.27131785846126,63.520088510635986,66.72854509357262,90.73082167322062,90.73082167322062,90.73082167322062
87,train/val,2.725310877613399,1.2820966036423393,0.7252642868653588,0.7179499929365905,60.425529581497514,70.39548709455823,82.12357899709961,0.6699057668447495,58.64592885261396,69.45900042046463,83.27306854208139,0.00015644778861416783,90.5654776096344,1:21:14,71.17117726111763,70.39548709455823,70.76511410959557,90.18445546626059,90.18445546626059,90.18445546626059,71.03510522678165,69.45900042046463,69.47440288462363,90.87321907633257,90.87321907633257,90.87321907633257
88,train/val,2.7342896461486816,1.3111706026222394,0.7221636234418206,0.7009554116622262,59.3084451290501,69.5719268465528,80.34866526574191,0.6338373994827271,60.780157341116904,67.61603722435075,86.84454369977911,0.00015217449296258857,90.23111152648926,1:22:44,70.58066634588575,69.5719268465528,69.96596383346863,89.10369826951475,89.10369826951475,89.10369826951475,77.04371696220636,67.61603722435075,70.77298404732171,92.9591434463513,92.9591434463513,92.9591434463513
89,train/val,2.648396839266238,1.2426065128782522,0.7248332370882449,0.6809570789337158,61.36747342647361,71.26526201486247,82.68372460958497,0.628909210562706,59.424177180095796,67.62829059528372,84.55424689855778,0.0001478878200843839,90.13771605491638,1:24:14,71.8245163132352,71.26526201486247,71.5241656660734,90.52117235543462,90.52117235543462,90.52117235543462,73.92722387183902,67.62829059528372,70.21113943776702,91.63077883006825,91.63077883006825,91.63077883006825
90,train/val,2.6486613439477007,1.2407208247029262,0.7318031729563422,0.6761373598938403,60.996505440188706,70.61411744101912,82.91290255598983,0.6297880333662033,60.19592472523407,67.17393498992395,86.65261435320332,0.00014358729437462936,90.1417281627655,1:25:44,72.13568882555866,70.61411744101912,71.32741282250863,90.65834219169979,90.65834219169979,90.65834219169979,75.87934798276147,67.17393498992395,70.27252525969774,92.84907650876008,92.84907650876008,92.84907650876009
91,train/val,2.6871948734573694,1.2755112557307533,0.7310946629099224,0.6805889599997065,60.45751273897455,70.591993977093,81.25591235056812,0.6051225233078003,62.68318187386052,71.32524415134431,86.21587102373586,0.0001392724068628181,90.29324650764465,1:27:15,71.32849923987062,70.591993977093,70.93073741634396,89.65877172978566,89.65877172978566,89.65877172978566,75.30536791220112,71.32524415134431,72.58990552984848,92.5977689761432,92.5977689761432,92.5977689761432
92,train/val,2.685759502908458,1.2829827465440915,0.7313025276298109,0.6714742157770239,61.942395915462576,70.95630834496085,82.88114805577423,0.6107351845502853,59.603214809517326,69.44981045922124,84.31208962794952,0.00013494261163740181,90.89380645751953,1:28:46,73.50979686481803,70.95630834496085,72.08429942778466,90.63935669355874,90.63935669355874,90.63935669355874,72.73499924067852,69.44981045922124,70.34934635220795,91.48839861578372,91.48839861578372,91.48839861578372
93,train/val,2.611605175163435,1.2271164681600488,0.7273585116085799,0.6571302077044612,61.355601331980594,71.01818695183086,82.61712117540377,0.6393668168783188,58.47078698853863,70.86113246728176,79.74263027124017,0.00013059732174533928,90.56937670707703,1:30:16,72.43935872646188,71.01818695183086,71.67481239433403,90.48124364642679,90.48124364642679,90.48124364642679,70.85821897652494,70.86113246728176,69.80790660989376,88.72979120301595,88.72979120301595,88.72979120301595
94,train/val,2.61522884990858,1.2270255192466404,0.7258251510236574,0.6623781893564307,62.812233950557186,72.38408017850232,82.72514145712172,0.6123897576332092,62.846256850339365,71.13818809596994,87.86307103852981,0.00012623590446718072,90.40577983856201,1:31:47,73.46197665094418,72.38408017850232,72.86870596879484,90.54598704637917,90.54598704637917,90.54598704637917,75.39705126191953,71.13818809596994,72.60018423537508,93.53948123259363,93.53948123259363,93.53948123259363
95,train/val,2.657825926075811,1.26401145691457,0.7296327786601108,0.6641816969798959,61.04852582941548,71.62617908385643,83.27241577413035,0.6177835774421692,60.876861926692946,68.32094340173278,85.38211981486937,0.00012185767584480141,90.5544023513794,1:33:17,71.26556730368253,71.62617908385643,71.43043729320267,90.87283039555437,90.87283039555437,90.87283039555437,76.00011640269318,68.32094340173278,71.26319090153305,92.1147302664741,92.1147302664741,92.1147302664741
96,train/val,2.6498273248257846,1.252400332170984,0.7293617446785388,0.6680652408496194,60.74341288319206,70.54776276429567,82.37279885642018,0.610262343287468,60.55227957081279,68.14659560914879,86.22593878169762,0.00011746189430880188,90.28592896461487,1:34:47,72.03050825678031,70.54776276429567,71.24889761649065,90.3345228816401,90.3345228816401,90.3345228816401,76.30862135356352,68.14659560914879,70.9538560428318,92.60357536205042,92.60357536205042,92.60357536205042
97,train/val,2.695316708606222,1.2793100884427195,0.7400898143001224,0.6759167922579724,59.45127700626982,69.66440800071892,80.13319882623426,0.6360127758979798,60.8884840527547,71.95227632509132,85.91226426256378,0.00011304775321356193,90.25208258628845,1:36:18,70.8738456679919,69.66440800071892,70.22092365432624,88.97104958818265,88.97104958818265,88.97104958818265,70.74928152195749,71.95227632509132,71.19758234845989,92.42237418100608,92.42237418100608,92.42237418100608
98,train/val,2.6529397653496782,1.2617527272390283,0.7211136027522709,0.6700734457244044,61.364653210938194,71.418831550942,82.52881910795234,0.5995695787668228,62.8497702016024,69.60986310261791,86.85288814522573,0.00010861437203680056,90.35297131538391,1:37:48,72.3077440080017,71.418831550942,71.8403349785557,90.42826169728588,90.42826169728588,90.42826169728588,77.6216520392758,69.60986310261791,72.91635988466425,92.96392365926071,92.96392365926071,92.96392365926073
99,train/val,2.6982653037361475,1.2941146467043005,0.7276230940352315,0.6765275753062704,61.117007224207285,70.88753564240974,81.09756257210114,0.63177494764328,62.645764008531536,72.16491738154824,85.24850073322678,0.00010416078593278445,90.36337614059448,1:39:18,72.70131514259087,70.88753564240974,71.71315326333855,89.56229053586894,89.56229053586894,89.56229053586894,74.07196277483469,72.16491738154824,72.68126892053516,92.03691300691463,92.03691300691463,92.03691300691463
100,train/val,2.596221034941466,1.2171073866927105,0.7245828049338382,0.6545308510894361,63.23242522723619,72.62931898242513,84.41247958490473,0.5878151661157608,62.241505721073864,68.23652645597606,88.94331353900358,9.96859332376096e-05,90.33470845222473,1:40:49,73.77035058385736,72.62931898242513,73.15687697035327,91.54746986202814,91.54746986202814,91.54746986202815,79.44194408810378,68.23652645597606,71.81444921205753,94.14814620644727,94.14814620644727,94.14814620644727
101,train/val,2.603177995785423,1.2288324379402658,0.733545044194097,0.6408004896796268,64.62493167140259,72.91321143061057,85.3209370476488,0.5912006372213363,64.07475450871483,70.9484501204636,88.08195176617332,9.51886404018902e-05,90.17842674255371,1:42:19,75.82809955873392,72.91321143061057,74.2643891380289,92.07911249198088,92.07911249198088,92.07911249198088,77.55989661367217,70.9484501204636,73.54616133717103,93.66337486297282,93.66337486297282,93.66337486297282
102,train/val,2.5812928391539534,1.2150775842044665,0.72540218156317,0.6408130571894024,63.17763516197255,72.4216818158151,84.32606305463615,0.5757624107599258,63.68896703421941,71.14973544285562,88.05733193627485,9.066760365683728e-05,90.31546640396118,1:43:49,73.58732868872019,72.4216818158151,72.9746827224366,91.49662468474796,91.49662468474796,91.49662468474796,77.2243467307991,71.14973544285562,73.33384049084131,93.64945363163397,93.64945363163397,93.64945363163397
103,train/val,2.5661130858504255,1.208075410645941,0.7253120729456777,0.6327255983715472,64.17475440138855,72.97161120288975,84.65306436442378,0.5964613819122314,62.179636847941886,71.90846777918209,87.45464757542219,8.612136648314907e-05,90.30576705932617,1:45:20,74.84868920658255,72.97161120288975,73.84482265862027,91.68877284089469,91.68877284089469,91.68877284089469,73.6897459635697,71.90846777918209,72.05627061468888,93.30752660078475,93.30752660078475,93.30752660078475
104,train/val,2.5429011920224065,1.1845114995603976,0.7259780622046926,0.6324116153561551,64.04038256055277,71.98783679146452,85.33100812250754,0.5859414213895797,64.05585066577596,70.93346112449565,87.97565147802247,8.154829161610912e-05,90.33346390724182,1:46:50,75.42014091686059,71.98783679146452,73.5101121759245,92.08497702241173,92.08497702241173,92.08497702241173,77.1128311151151,70.93346112449565,73.61009856446245,93.60324146907752,93.60324146907752,93.60324146907752
105,train/val,2.5145408200181047,1.1767696660497915,0.7299502796452978,0.6078208438728167,64.8958545103591,73.26293762954292,85.66001459811655,0.5738672176003456,65.041010508742,72.02745125259776,88.62281103546056,7.694652583405728e-05,90.2782084941864,1:48:20,75.77681980680879,73.26293762954292,74.3436507083031,92.27621228355277,92.27621228355277,92.27621228355277,78.05309598355001,72.02745125259776,74.39365280843352,93.9682857539428,93.9682857539428,93.9682857539428
106,train/val,2.538758096487626,1.2016719501951467,0.7192578250947206,0.6178283147189928,64.31680590341958,73.37993836948588,85.03654208660274,0.5603962153196335,65.61807346910011,73.85417887900597,88.839954399124,7.231395505915424e-05,90.12477326393127,1:49:50,74.78514877285272,73.37993836948588,74.03813877215872,91.91324170639012,91.91324170639012,91.91324170639012,76.98273304457065,73.85417887900597,74.87139238750191,94.09020954469804,94.09020954469804,94.09020954469804
107,train/val,2.4786914949831753,1.164136785527934,0.7153812413630278,0.5991734603176946,65.27731308042586,73.46286837731991,85.67708562437737,0.5438568431138993,65.17193411038325,72.60187608004416,88.66424067283135,6.764814621359547e-05,90.2309000492096,1:51:21,76.29981601687248,73.46286837731991,74.71789494444276,92.28611633607944,92.28611633607944,92.28611633607944,77.84282819928733,72.60187608004416,74.4757384695015,93.99156973958497,93.99156973958497,93.99156973958497
108,train/val,2.4998059013615483,1.1724117780509202,0.7283320660176484,0.5990620443354482,65.53944979478314,73.28467358140635,86.97808193641532,0.5552168825268745,65.50941686206254,72.87697318966674,89.12211138897577,6.294627058970836e-05,90.41545748710632,1:52:51,76.69356408625734,73.28467358140635,74.793109523421,93.0355911619561,93.0355911619561,93.0355911619561,77.57444611472856,72.87697318966674,74.69573328587349,94.24821955976834,94.24821955976834,94.24821955976834
109,train/val,2.536743355833966,1.204872899081396,0.7246616119923799,0.6072088492953259,64.27372058563321,72.59431782895062,85.90313784765536,0.5805097752809525,65.46467662141234,72.61029384892865,88.89037790932926,5.820500079954344e-05,90.25957942008972,1:54:21,75.25243179749971,72.59431782895062,73.80592653189396,92.41709294659847,92.41709294659847,92.41709294659847,77.57585477250717,72.61029384892865,74.70443184094849,94.11848172806158,94.11848172806158,94.11848172806158
110,train/val,2.5866363100383594,1.2449050610480101,0.7289935622526251,0.6127376828504645,65.50983337968253,74.37045591478181,85.37424303736283,0.5574494126439095,64.84988867706859,72.47154635465566,88.4199965365141,5.3420368916117334e-05,90.18080568313599,1:55:51,75.86355533501661,74.37045591478181,75.05634060351602,92.11014608988084,92.11014608988084,92.11014608988084,77.09421701431428,72.47154635465566,74.35569335729419,93.8541536586634,93.8541536586634,93.8541536586634
111,train/val,2.5233824538147966,1.1818563633638879,0.7337954063778338,0.6077306899039642,65.16805333345653,74.17387948275554,85.62858790167903,0.5670468616485596,64.4911254525563,71.10755301222613,88.16263529844628,4.858756575557835e-05,90.33645439147949,1:57:22,75.27453389030676,74.17387948275554,74.67773654870057,92.25797477599032,92.25797477599032,92.25797477599032,77.88673079152024,71.10755301222613,73.96704701655399,93.70897166550714,93.70897166550714,93.70897166550714
112,train/val,2.5078597561172815,1.179137434648431,0.7267667962157208,0.6019555194222409,65.122831864078,73.33238865855542,86.39486907588622,0.5568582308292389,65.53664747324467,72.329603401082,89.26453456123451,4.370064743465832e-05,90.2275550365448,1:58:52,75.81035869954032,73.33238865855542,74.43259434853448,92.70090910143306,92.70090910143306,92.70090910143306,78.51657960187379,72.329603401082,74.64931911160349,94.3277986741398,94.3277986741398,94.3277986741398
113,train/val,2.4974131428677104,1.170850084527679,0.7267340486464293,0.5998290187638738,66.51982104700073,74.15015902843805,86.55843278120022,0.5528527894616126,65.42441147747863,73.00526382634115,89.28549298310848,3.8752089001721816e-05,91.44160676002502,2:00:23,77.48970739153805,74.15015902843805,75.65625853148148,92.79498277380775,92.79498277380775,92.79498277380775,77.46635603654917,73.00526382634115,74.58787039542689,94.33949910897415,94.33949910897415,94.33949910897415
114,train/val,2.5362775377605273,1.2113703554091246,0.7250461241473323,0.5998610682461573,65.08193856956451,73.25660444901291,86.15706975126592,0.5512991905212402,65.124597629312,71.46517120153358,89.45412656280382,3.373207119183911e-05,90.95172119140625,2:01:54,76.04076169112209,73.25660444901291,74.51946116078692,92.56384392640562,92.56384392640562,92.56384392640562,78.98097350203271,71.46517120153358,74.25499284770677,94.43354777827959,94.43354777827959,94.43354777827959
115,train/val,2.417276962943699,1.1249140099338863,0.7090250700712204,0.5833378800231478,66.0185634423134,73.61037842113824,87.32398410787597,0.5265900841355324,65.17467662912041,71.3819912193258,89.8388102047849,2.8627266881596584e-05,93.49705672264099,2:03:28,77.01581780472478,73.61037842113824,75.05381368820646,93.23310575925817,93.23310575925817,93.23310575925817,79.5725985092367,71.3819912193258,74.14985126574604,94.64746445457916,94.64746445457916,94.64746445457916
116,train/val,2.4520891231039297,1.1417433891607367,0.7189859676620235,0.5913597517039465,65.94058379836845,73.59947503011263,87.14942795610396,0.5507732418179512,65.12536705472041,71.20863304936887,90.00883803812178,2.3418597108060762e-05,90.31517386436462,2:04:58,77.14380130277931,73.59947503011263,75.08692331861204,93.1335232042974,93.1335232042974,93.1335232042974,79.39813140534243,71.20863304936887,74.15978593025152,94.741738297524,94.741738297524,94.741738297524
117,train/val,2.5205267667770386,1.1850966914840366,0.7367880331433337,0.5986420589944591,66.4853885488368,74.53797650392207,86.19569659541466,0.5595269075036049,65.96441154816134,73.46915426717007,89.96582955790996,1.8076569369899076e-05,91.09216070175171,2:06:29,77.02338456741808,74.53797650392207,75.63292932023981,92.58613187254228,92.58613187254228,92.58613187254228,77.58031034913043,73.46915426717007,74.99715301815674,94.71790770716942,94.71790770716942,94.71790770716942
118,train/val,2.53947347143422,1.21612908658774,0.7285528429176497,0.5947915377176326,65.35796326423186,72.99828150574382,86.4568745747001,0.5498957321047783,65.87525605573296,72.64614487932757,89.56549398769042,1.254971545512439e-05,90.99157190322876,2:08:00,77.1147309270188,72.99828150574382,74.77050743967658,92.736590991246,92.736590991246,92.736590991246,78.65778152495501,72.64614487932757,74.92547358606662,94.49556678654442,94.49556678654442,94.49556678654442
119,train/val,2.477903314258741,1.1516510578601256,0.7289316045201343,0.597320647019407,67.41677629558146,75.05199956815612,87.37840122771225,0.5583796086907387,66.67228786041966,73.611770427732,90.11554363903797,6.725225993591909e-06,90.49603462219238,2:09:31,77.71834922656896,75.05199956815612,76.23838711970653,93.26411225115038,93.26411225115038,93.26411225115038,78.42800655972593,73.611770427732,75.52636569538753,94.80081629741484,94.80081629741484,94.80081629741484
120,train/val,2.4565900849259417,1.147037795704344,0.7192544652068097,0.5902978233669115,67.22901622859513,74.948258854954,87.14501721434338,0.5495119896531105,66.12928554790821,72.32909516676258,90.19823667208267,0.0,90.72901511192322,2:11:01,77.60145186067344,74.948258854954,76.12054041847964,93.13100451350336,93.13100451350336,93.13100451350337,79.52790767122552,72.32909516676258,74.99757555387198,94.84655404833411,94.84655404833411,94.84655404833411
